Altitude [m],Time [s],,,,
2044.13,0.666,,,,
2043.94,0.762,,,,
2043.99,0.841,,,,
2044.04,0.92,,,,
2044.04,0.999,,,,
2043.98,1.078,,,,
2043.95,1.157,,,,
2043.94,1.235,,,,
2043.96,1.313,,,,
2043.96,1.395,,,,
2043.98,1.481,,,,
2043.98,1.56,,,,
2043.97,1.638,,,,
2043.82,1.717,,,,
2044.08,1.796,,,,
2044.08,1.874,,,,
2043.84,1.953,,,,
2044.07,2.034,,,,
2043.91,2.113,,,,
2043.88,2.192,,,,
2043.88,2.271,,,,
2043.89,2.349,,,,
2043.89,2.427,,,,
2043.8,2.506,,,,
2043.99,2.585,,,,
2043.93,2.673,,,,
2043.93,2.752,,,,
2043.99,2.831,,,,
2043.98,2.91,,,,
2043.81,2.989,,,,
2044.08,3.066,,,,
2044.08,3.145,,,,
2043.65,3.224,,,,
2044,3.303,,,,
2043.95,3.384,,,,
2043.8,3.463,,,,
2043.8,3.542,,,,
2043.97,3.619,,,,
2043.92,3.698,,,,
2043.9,3.777,,,,
2043.76,3.863,,,,
2043.96,3.942,,,,
2043.96,4.023,,,,
2044.01,4.102,,,,
2043.89,4.18,,,,
2043.75,4.259,,,,
2043.44,4.337,,,,
2043.44,4.416,,,,
2043.74,4.495,,,,
2043.46,4.574,,,,
2043.71,4.655,,,,
2043.71,4.733,,,,
2043.71,4.812,,,,
2043.82,4.891,,,,
2044.04,4.97,,,,
2043.86,5.056,,,,
2043.44,5.134,,,,
2043.73,5.213,,,,
2043.73,5.292,,,,
2043.8,5.373,,,,
2043.74,5.451,,,,
2043.8,5.53,,,,
2043.85,5.609,,,,
2043.85,5.688,,,,
2043.71,5.767,,,,
2044.05,5.844,,,,
2043.82,5.923,,,,
2043.88,6.005,,,,
2043.88,6.083,,,,
2043.86,6.162,,,,
2043.77,6.249,,,,
2043.98,6.327,,,,
2043.87,6.406,,,,
2043.86,6.484,,,,
2043.86,6.563,,,,
2043.99,6.642,,,,
2043.85,6.723,,,,
2044.25,6.802,,,,
2043.67,6.881,,,,
2043.67,6.959,,,,
2044.07,7.037,,,,
2043.81,7.116,,,,
2044.14,7.195,,,,
2044.04,7.274,,,,
2044.04,7.355,,,,
2044.05,7.441,,,,
2043.97,7.52,,,,
2043.63,7.599,,,,
2043.66,7.677,,,,
2043.77,7.756,,,,
2043.77,7.835,,,,
2043.43,7.913,,,,
2043.74,7.995,,,,
2043.56,8.074,,,,
2043.68,8.152,,,,
2043.68,8.23,,,,
2043.73,8.309,,,,
2043.79,8.388,,,,
2043.68,8.467,,,,
2043.81,8.546,,,,
2043.81,8.625,,,,
2043.85,8.713,,,,
2043.99,8.792,,,,
2043.69,8.87,,,,
2043.82,8.949,,,,
2043.99,9.028,,,,
2043.99,9.107,,,,
2043.64,9.186,,,,
2043.55,9.265,,,,
2043.57,9.346,,,,
2043.82,9.424,,,,
2043.82,9.503,,,,
2043.68,9.582,,,,
2044.07,9.661,,,,
2043.89,9.74,,,,
2043.9,9.819,,,,
2043.95,9.905,,,,
2043.95,9.986,,,,
2043.9,10.064,,,,
2043.78,10.143,,,,
2043.66,10.222,,,,
2043.98,10.301,,,,
2043.98,10.38,,,,
2043.79,10.459,,,,
2043.73,10.537,,,,
2043.86,10.619,,,,
2043.72,10.698,,,,
2043.56,10.777,,,,
2043.59,10.856,,,,
2043.67,10.935,,,,
2043.57,11.014,,,,
2043.59,11.1,,,,
2043.73,11.179,,,,
2043.73,11.259,,,,
2043.56,11.338,,,,
2043.65,11.417,,,,
2043.61,11.496,,,,
2043.91,11.575,,,,
2043.91,11.654,,,,
2043.54,11.732,,,,
2043.32,11.811,,,,
2043.47,11.892,,,,
2043.65,11.971,,,,
2043.53,12.05,,,,
2043.53,12.129,,,,
2043.42,12.208,,,,
2043.35,12.295,,,,
2043.51,12.374,,,,
2043.51,12.451,,,,
2043.51,12.533,,,,
2043.92,12.612,,,,
2043.52,12.691,,,,
2043.53,12.77,,,,
2043.51,12.849,,,,
2043.46,12.928,,,,
2043.46,13.006,,,,
2043.76,13.084,,,,
2043.76,13.166,,,,
2043.91,13.245,,,,
2043.6,13.324,,,,
2043.6,13.403,,,,
2043.68,13.49,,,,
2043.47,13.568,,,,
2043.54,13.646,,,,
2043.74,13.725,,,,
2043.74,13.807,,,,
2043.74,13.886,,,,
2043.66,13.965,,,,
2043.68,14.044,,,,
2043.61,14.123,,,,
2043.72,14.201,,,,
2043.72,14.28,,,,
2043.5,14.359,,,,
2043.77,14.435,,,,
2043.68,14.514,,,,
2043.62,14.593,,,,
2043.62,14.678,,,,
2043.51,14.756,,,,
2043.55,14.835,,,,
2043.4,14.914,,,,
2043.39,14.993,,,,
2043.49,15.075,,,,
2043.49,15.154,,,,
2043.41,15.233,,,,
2043.67,15.31,,,,
2043.49,15.389,,,,
2043.53,15.468,,,,
2043.53,15.547,,,,
2043.56,15.629,,,,
2043.55,15.708,,,,
2043.62,15.787,,,,
2043.52,15.873,,,,
2043.52,15.951,,,,
2043.54,16.03,,,,
2043.31,16.109,,,,
2043.56,16.188,,,,
2043.42,16.269,,,,
2043.53,16.348,,,,
2043.53,16.427,,,,
2043.45,16.505,,,,
2043.6,16.584,,,,
2043.53,16.663,,,,
2043.44,16.742,,,,
2043.44,16.821,,,,
2043.55,16.903,,,,
2043.32,16.98,,,,
2043.34,17.068,,,,
2043.48,17.146,,,,
2043.44,17.225,,,,
2043.44,17.304,,,,
2043.28,17.383,,,,
2043.35,17.462,,,,
2043.48,17.543,,,,
2043.53,17.622,,,,
2043.53,17.7,,,,
2043.61,17.779,,,,
2043.59,17.858,,,,
2043.56,17.937,,,,
2043.47,18.016,,,,
2043.47,18.095,,,,
2043.29,18.177,,,,
2043.35,18.263,,,,
2043.56,18.341,,,,
2043.6,18.42,,,,
2043.69,18.499,,,,
2043.69,18.578,,,,
2043.66,18.657,,,,
2043.67,18.736,,,,
2043.26,18.817,,,,
2043.46,18.895,,,,
2043.46,18.974,,,,
2043.61,19.053,,,,
2043.74,19.132,,,,
2043.35,19.211,,,,
2043.7,19.29,,,,
2043.7,19.368,,,,
2043.44,19.458,,,,
2043.58,19.535,,,,
2043.74,19.614,,,,
2043.71,19.693,,,,
2043.57,19.772,,,,
2043.57,19.851,,,,
2043.88,19.93,,,,
2043.52,20.008,,,,
2043.5,20.089,,,,
2043.41,20.195,,,,
2043.43,20.299,,,,
2043.75,20.404,,,,
2043.54,20.508,,,,
2043.4,20.614,,,,
2043.8,20.718,,,,
2043.33,20.823,,,,
2043.53,20.941,,,,
2043.5,21.045,,,,
2043.58,21.148,,,,
2043.66,21.251,,,,
2043.57,21.354,,,,
2043.59,21.457,,,,
2043.49,21.56,,,,
2043.4,21.704,,,,
2043.54,21.786,,,,
2043.52,21.867,,,,
2043.49,21.949,,,,
2043.7,22.03,,,,
2043.45,22.111,,,,
2043.45,22.193,,,,
2043.45,22.281,,,,
2043.35,22.365,,,,
2043.58,22.447,,,,
2043.49,22.528,,,,
2043.7,22.608,,,,
2043.42,22.689,,,,
2043.42,22.771,,,,
2043.49,22.852,,,,
2043.56,22.934,,,,
2043.45,23.017,,,,
2043.66,23.099,,,,
2043.38,23.18,,,,
2043.38,23.261,,,,
2043.44,23.343,,,,
2043.53,23.424,,,,
2043.5,23.513,,,,
2043.73,23.593,,,,
2043.6,23.677,,,,
2043.6,23.758,,,,
2043.56,23.839,,,,
2043.64,23.921,,,,
2043.74,24.002,,,,
2043.78,24.083,,,,
2043.75,24.165,,,,
2043.75,24.246,,,,
2043.76,24.33,,,,
2043.63,24.411,,,,
2043.75,24.492,,,,
2043.77,24.573,,,,
2044.01,24.654,,,,
2043.41,24.742,,,,
2043.41,24.824,,,,
2043.66,24.905,,,,
2043.62,24.989,,,,
2043.56,25.07,,,,
2043.6,25.152,,,,
2043.63,25.233,,,,
2043.63,25.314,,,,
2043.84,25.395,,,,
2043.64,25.477,,,,
2043.76,25.558,,,,
2043.56,25.641,,,,
2043.62,25.722,,,,
2043.62,25.804,,,,
2043.69,25.885,,,,
2043.57,25.973,,,,
2043.71,26.055,,,,
2043.64,26.136,,,,
2043.64,26.217,,,,
2043.64,26.301,,,,
2043.75,26.382,,,,
2043.58,26.464,,,,
2043.51,26.545,,,,
2043.98,26.626,,,,
2043.67,26.707,,,,
2043.67,26.788,,,,
2043.87,26.869,,,,
2043.66,26.948,,,,
2043.9,27.03,,,,
2043.7,27.111,,,,
2043.62,27.199,,,,
2043.51,27.281,,,,
2043.51,27.362,,,,
2043.62,27.443,,,,
2043.79,27.527,,,,
2043.72,27.608,,,,
2043.71,27.689,,,,
2043.62,27.77,,,,
2043.62,27.851,,,,
2043.57,27.933,,,,
2043.41,28.014,,,,
2043.71,28.095,,,,
2043.33,28.179,,,,
2043.47,28.26,,,,
2043.47,28.342,,,,
2043.6,28.43,,,,
2043.55,28.512,,,,
2043.46,28.593,,,,
2043.48,28.674,,,,
2043.36,28.755,,,,
2043.36,28.838,,,,
2043.57,28.92,,,,
2043.5,29.001,,,,
2043.48,29.082,,,,
2043.35,29.164,,,,
2043.37,29.245,,,,
2043.37,29.326,,,,
2043.57,29.408,,,,
2043.46,29.491,,,,
2043.26,29.573,,,,
2043.53,29.662,,,,
2043.37,29.744,,,,
2043.35,29.825,,,,
2043.35,29.905,,,,
2043.39,29.987,,,,
2043.66,30.068,,,,
2043.5,30.152,,,,
2043.42,30.233,,,,
2043.43,30.314,,,,
2043.43,30.396,,,,
2043.54,30.477,,,,
2043.74,30.558,,,,
2043.41,30.64,,,,
2043.56,30.721,,,,
2043.36,30.804,,,,
2043.22,30.892,,,,
2043.22,30.973,,,,
2043.17,31.054,,,,
2042.96,31.135,,,,
2042.88,31.217,,,,
2042.72,31.298,,,,
2042.72,31.379,,,,
2042.24,31.463,,,,
2041.9,31.544,,,,
2042.07,31.626,,,,
2041.56,31.707,,,,
2041.42,31.788,,,,
2041.17,31.869,,,,
2041.17,31.95,,,,
2041.15,32.031,,,,
2040.88,32.122,,,,
2040.32,32.203,,,,
2040.19,32.285,,,,
2040.06,32.366,,,,
2040.06,32.447,,,,
2040,32.529,,,,
2039.95,32.61,,,,
2039.45,32.691,,,,
2040,32.775,,,,
2039.22,32.856,,,,
2039.22,32.937,,,,
2039.32,33.018,,,,
2038.88,33.099,,,,
2038.53,33.18,,,,
2038.45,33.262,,,,
2038.22,33.353,,,,
2038.55,33.434,,,,
2038.55,33.515,,,,
2039.08,33.597,,,,
2039.31,33.678,,,,
2040.34,33.759,,,,
2040.28,33.84,,,,
2040.83,33.922,,,,
2040.83,34.002,,,,
2041.37,34.081,,,,
2042.31,34.162,,,,
2042.02,34.243,,,,
2042.21,34.325,,,,
2042.21,34.406,,,,
2042.66,34.487,,,,
2043.05,34.568,,,,
2043.08,34.657,,,,
2043.38,34.741,,,,
2043.59,34.822,,,,
2043.87,34.903,,,,
2043.87,34.983,,,,
2043.83,35.065,,,,
2043.91,35.146,,,,
2044.18,35.227,,,,
2044.15,35.308,,,,
2044.36,35.392,,,,
2044.36,35.474,,,,
2044.42,35.555,,,,
2044.36,35.636,,,,
2044.51,35.717,,,,
2044.57,35.799,,,,
2044.45,35.887,,,,
2044.45,35.968,,,,
2044.54,36.051,,,,
2044.73,36.132,,,,
2044.67,36.213,,,,
2045.06,36.295,,,,
2044.98,36.376,,,,
2044.76,36.457,,,,
2044.92,36.538,,,,
2044.96,36.62,,,,
2045.18,36.703,,,,
2045.29,36.785,,,,
2045.45,36.866,,,,
2045.43,36.946,,,,
2045.43,37.027,,,,
2045.35,37.116,,,,
2045.62,37.197,,,,
2045.86,37.279,,,,
2045.62,37.362,,,,
2045.67,37.444,,,,
2045.67,37.525,,,,
2046.01,37.606,,,,
2046.05,37.688,,,,
2046.3,37.769,,,,
2046.29,37.85,,,,
2046.18,37.932,,,,
2046.18,38.014,,,,
2046.08,38.096,,,,
2046.26,38.177,,,,
2046.46,38.258,,,,
2046.5,38.348,,,,
2046.53,38.429,,,,
2046.56,38.51,,,,
2046.56,38.591,,,,
2047.1,38.675,,,,
2047.19,38.756,,,,
2047.11,38.838,,,,
2047.26,38.919,,,,
2047.5,39,,,,
2047.5,39.081,,,,
2047.64,39.162,,,,
2047.5,39.243,,,,
2047.95,39.327,,,,
2047.93,39.408,,,,
2048.09,39.489,,,,
2048.09,39.578,,,,
2048.21,39.659,,,,
2048.47,39.74,,,,
2048.57,39.821,,,,
2048.51,39.902,,,,
2048.74,39.986,,,,
2048.74,40.067,,,,
2048.96,40.148,,,,
2048.7,40.229,,,,
2048.89,40.31,,,,
2049.09,40.391,,,,
2049.05,40.473,,,,
2049.05,40.554,,,,
2049.38,40.638,,,,
2049.36,40.719,,,,
2049.64,40.807,,,,
2049.68,40.889,,,,
2049.94,40.97,,,,
2050.15,41.051,,,,
2050.15,41.132,,,,
2050.12,41.213,,,,
2050.28,41.296,,,,
2050.5,41.378,,,,
2050.58,41.459,,,,
2050.66,41.54,,,,
2050.66,41.621,,,,
2050.84,41.703,,,,
2050.97,41.784,,,,
2051.1,41.865,,,,
2051.23,41.949,,,,
2051.6,42.037,,,,
2051.67,42.118,,,,
2051.67,42.2,,,,
2051.9,42.28,,,,
2052.03,42.361,,,,
2051.96,42.442,,,,
2052.56,42.523,,,,
2052.31,42.604,,,,
2052.31,42.696,,,,
2052.43,42.777,,,,
2052.8,42.858,,,,
2052.89,42.94,,,,
2053.08,43.021,,,,
2052.93,43.102,,,,
2052.93,43.184,,,,
2053.33,43.272,,,,
2053.73,43.356,,,,
2053.61,43.437,,,,
2054.05,43.517,,,,
2053.95,43.598,,,,
2054.01,43.68,,,,
2054.01,43.761,,,,
2054.34,43.842,,,,
2054.37,43.924,,,,
2054.62,44.007,,,,
2054.6,44.089,,,,
2054.76,44.17,,,,
2054.76,44.251,,,,
2054.78,44.332,,,,
2055.11,44.413,,,,
2055.36,44.502,,,,
2055.41,44.582,,,,
2055.91,44.666,,,,
2055.91,44.747,,,,
2055.48,44.829,,,,
2055.76,44.91,,,,
2055.99,44.991,,,,
2056.25,45.073,,,,
2056.54,45.154,,,,
2056.54,45.235,,,,
2056.38,45.319,,,,
2056.67,45.4,,,,
2056.9,45.48,,,,
2056.84,45.562,,,,
2057.03,45.643,,,,
2057.21,45.731,,,,
2057.21,45.813,,,,
2057.4,45.894,,,,
2057.44,45.978,,,,
2057.67,46.059,,,,
2057.89,46.14,,,,
2058.21,46.222,,,,
2058.21,46.303,,,,
2058.32,46.384,,,,
2058.6,46.466,,,,
2058.82,46.546,,,,
2059.15,46.63,,,,
2059.3,46.711,,,,
2059.3,46.792,,,,
2059.59,46.874,,,,
2059.53,46.962,,,,
2059.69,47.043,,,,
2060.09,47.125,,,,
2060.29,47.206,,,,
2060.61,47.287,,,,
2060.61,47.371,,,,
2060.74,47.452,,,,
2060.88,47.534,,,,
2061.07,47.614,,,,
2061.34,47.695,,,,
2061.55,47.776,,,,
2061.55,47.858,,,,
2061.56,47.939,,,,
2061.85,48.023,,,,
2062.07,48.104,,,,
2062.27,48.193,,,,
2062.66,48.274,,,,
2062.66,48.355,,,,
2062.5,48.437,,,,
2062.76,48.518,,,,
2062.84,48.599,,,,
2063.07,48.683,,,,
2063.37,48.763,,,,
2063.52,48.845,,,,
2063.55,48.926,,,,
2063.63,49.007,,,,
2064,49.089,,,,
2064.2,49.17,,,,
2064.69,49.251,,,,
2064.55,49.335,,,,
2064.55,49.423,,,,
2064.86,49.505,,,,
2064.93,49.586,,,,
2065.24,49.667,,,,
2065.45,49.748,,,,
2065.47,49.829,,,,
2065.47,49.91,,,,
2065.98,49.994,,,,
2065.94,50.075,,,,
2066.2,50.156,,,,
2066.45,50.238,,,,
2066.53,50.319,,,,
2066.53,50.4,,,,
2066.73,50.482,,,,
2066.92,50.563,,,,
2067.16,50.654,,,,
2067.59,50.735,,,,
2067.76,50.816,,,,
2068.28,50.897,,,,
2068.28,50.978,,,,
2068.23,51.059,,,,
2068.49,51.141,,,,
2068.27,51.222,,,,
2068.72,51.306,,,,
2068.39,51.387,,,,
2068.39,51.468,,,,
2068.92,51.549,,,,
2069.29,51.631,,,,
2069.27,51.712,,,,
2069.54,51.792,,,,
2069.64,51.896,,,,
2069.97,51.98,,,,
2070.2,52.061,,,,
2070.23,52.142,,,,
2070.48,52.224,,,,
2070.89,52.304,,,,
2070.84,52.385,,,,
2070.71,52.466,,,,
2071.27,52.548,,,,
2071.33,52.631,,,,
2071.52,52.713,,,,
2071.61,52.794,,,,
2071.62,52.875,,,,
2071.99,52.957,,,,
2071.98,53.038,,,,
2071.98,53.126,,,,
2072.12,53.208,,,,
2072.36,53.292,,,,
2072.58,53.372,,,,
2072.96,53.453,,,,
2073.28,53.534,,,,
2073.28,53.616,,,,
2073.25,53.697,,,,
2073.62,53.778,,,,
2073.88,53.86,,,,
2073.92,53.943,,,,
2074.36,54.025,,,,
2074.36,54.106,,,,
2074.45,54.187,,,,
2074.87,54.268,,,,
2075.02,54.356,,,,
2075.31,54.437,,,,
2075.73,54.519,,,,
2075.91,54.6,,,,
2075.91,54.684,,,,
2075.94,54.765,,,,
2076.64,54.846,,,,
2076.67,54.928,,,,
2077.07,55.009,,,,
2077.25,55.09,,,,
2077.25,55.171,,,,
2077.53,55.252,,,,
2078.11,55.336,,,,
2077.88,55.417,,,,
2078.74,55.498,,,,
2078.51,55.588,,,,
2078.85,55.669,,,,
2078.85,55.75,,,,
2078.95,55.831,,,,
2079.27,55.913,,,,
2079.66,55.997,,,,
2079.84,56.078,,,,
2080.18,56.159,,,,
2080.18,56.24,,,,
2080.22,56.322,,,,
2080.34,56.402,,,,
2080.69,56.483,,,,
2080.91,56.564,,,,
2081,56.648,,,,
2081,56.729,,,,
2081.23,56.818,,,,
2081.69,56.899,,,,
2081.84,56.98,,,,
2082.13,57.062,,,,
2082.65,57.143,,,,
2082.65,57.224,,,,
2082.75,57.308,,,,
2082.94,57.389,,,,
2083.11,57.469,,,,
2083.24,57.551,,,,
2083.41,57.632,,,,
2083.56,57.713,,,,
2083.56,57.795,,,,
2083.78,57.876,,,,
2083.83,57.96,,,,
2083.98,58.048,,,,
2084.07,58.129,,,,
2084.28,58.211,,,,
2084.28,58.292,,,,
2084.85,58.373,,,,
2085,58.454,,,,
2085.17,58.535,,,,
2085.27,58.618,,,,
2085.83,58.7,,,,
2085.83,58.781,,,,
2086.04,58.862,,,,
2086.1,58.943,,,,
2086.29,59.025,,,,
2086.67,59.106,,,,
2087.12,59.187,,,,
2087.08,59.278,,,,
2087.08,59.359,,,,
2087.39,59.441,,,,
2087.6,59.522,,,,
2088.26,59.602,,,,
2088.11,59.684,,,,
2088.58,59.765,,,,
2088.58,59.846,,,,
2088.85,59.927,,,,
2089.1,60.011,,,,
2089.23,60.092,,,,
2089,60.174,,,,
2089.53,60.255,,,,
2089.53,60.336,,,,
2090.15,60.417,,,,
2090.35,60.498,,,,
2090.67,60.587,,,,
2090.75,60.67,,,,
2091.3,60.751,,,,
2091.29,60.833,,,,
2091.29,60.914,,,,
2091.7,60.995,,,,
2092.14,61.076,,,,
2092.34,61.158,,,,
2092.6,61.239,,,,
2092.58,61.323,,,,
2092.58,61.404,,,,
2093.02,61.485,,,,
2093.16,61.566,,,,
2093.33,61.647,,,,
2093.59,61.728,,,,
2093.85,61.817,,,,
2093.85,61.898,,,,
2094.42,61.982,,,,
2094.77,62.063,,,,
2094.64,62.144,,,,
2095.16,62.226,,,,
2095.4,62.307,,,,
2095.4,62.388,,,,
2095.61,62.469,,,,
2095.71,62.551,,,,
2096.1,62.635,,,,
2096.43,62.724,,,,
2096.74,62.804,,,,
2097.2,62.885,,,,
2097.2,62.967,,,,
2097.51,63.054,,,,
2097.42,63.135,,,,
2097.57,63.216,,,,
2097.92,63.3,,,,
2098.76,63.381,,,,
2098.7,63.463,,,,
2098.7,63.544,,,,
2099.45,63.625,,,,
2099.6,63.706,,,,
2099.85,63.788,,,,
2099.94,63.868,,,,
2100.71,63.964,,,,
2100.71,64.045,,,,
2100.75,64.125,,,,
2101.07,64.216,,,,
2101.59,64.296,,,,
2101.87,64.377,,,,
2102.19,64.459,,,,
2102.34,64.54,,,,
2102.34,64.624,,,,
2102.65,64.705,,,,
2102.83,64.786,,,,
2103.2,64.868,,,,
2103.45,64.949,,,,
2104.23,65.03,,,,
2104.23,65.112,,,,
2104.22,65.192,,,,
2104.89,65.276,,,,
2105.2,65.357,,,,
2105.26,65.445,,,,
2105.63,65.527,,,,
2105.79,65.608,,,,
2105.79,65.689,,,,
2106.7,65.77,,,,
2106.75,65.852,,,,
2106.5,65.935,,,,
2106.38,66.016,,,,
2106.66,66.098,,,,
2106.66,66.179,,,,
2106.31,66.259,,,,
2105.91,66.34,,,,
2105.72,66.422,,,,
2105.56,66.503,,,,
2105.15,66.584,,,,
2104.38,66.675,,,,
2104.47,66.756,,,,
2103.83,66.837,,,,
2103.41,66.918,,,,
2102.97,67,,,,
2102.19,67.081,,,,
2101.02,67.162,,,,
2101.15,67.244,,,,
2100.6,67.326,,,,
2099.07,67.408,,,,
2096.14,67.489,,,,
2094.81,67.57,,,,
2097.55,67.652,,,,
2097.55,67.733,,,,
2094.99,67.814,,,,
2094.4,67.903,,,,
2092.77,67.987,,,,
2091.49,68.068,,,,
2090.16,68.149,,,,
2090.16,68.231,,,,
2088.96,68.312,,,,
2087.68,68.393,,,,
2087.69,68.474,,,,
2087.54,68.555,,,,
2087.81,68.639,,,,
2087.27,68.72,,,,
2087.18,68.801,,,,
2087.13,68.883,,,,
2087.37,68.964,,,,
2086.65,69.045,,,,
2086.59,69.134,,,,
2086.38,69.215,,,,
2086.38,69.299,,,,
2085.9,69.38,,,,
2085.85,69.46,,,,
2085.83,69.542,,,,
2085.68,69.623,,,,
2085.53,69.704,,,,
2085.53,69.785,,,,
2085.44,69.866,,,,
2085.23,69.948,,,,
2085.03,70.027,,,,
2084.72,70.108,,,,
2084.51,70.189,,,,
2084.51,70.269,,,,
2084.34,70.351,,,,
2084.29,70.439,,,,
2084.3,70.52,,,,
2083.77,70.602,,,,
2083.65,70.685,,,,
2083.72,70.767,,,,
2083.72,70.848,,,,
2083.38,70.929,,,,
2083.14,71.01,,,,
2082.85,71.092,,,,
2082.57,71.173,,,,
2082.27,71.254,,,,
2082.27,71.337,,,,
2082.08,71.418,,,,
2082.43,71.499,,,,
2082.13,71.581,,,,
2081.84,71.669,,,,
2081.73,71.75,,,,
2081.73,71.832,,,,
2081.47,71.913,,,,
2081.07,71.997,,,,
2081.11,72.078,,,,
2080.91,72.159,,,,
2080.79,72.241,,,,
2080.79,72.322,,,,
2080.28,72.402,,,,
2080.29,72.484,,,,
2079.77,72.565,,,,
2079.71,72.649,,,,
2079.56,72.73,,,,
2079.51,72.811,,,,
2079.51,72.9,,,,
2079.12,72.981,,,,
2078.94,73.062,,,,
2078.84,73.144,,,,
2078.87,73.225,,,,
2078.51,73.309,,,,
2078.51,73.39,,,,
2078.33,73.47,,,,
2078.42,73.552,,,,
2077.95,73.633,,,,
2078.07,73.714,,,,
2077.98,73.795,,,,
2077.98,73.877,,,,
2077.56,73.958,,,,
2077.76,74.042,,,,
2077.36,74.123,,,,
2077.37,74.204,,,,
2077.09,74.285,,,,
2077.09,74.366,,,,
2077.03,74.447,,,,
2076.69,74.528,,,,
2076.39,74.609,,,,
2076.35,74.693,,,,
2076.41,74.775,,,,
2076.25,74.856,,,,
2076.19,74.937,,,,
2075.78,75.018,,,,
2075.63,75.1,,,,
2075.44,75.181,,,,
2075.32,75.261,,,,
2074.98,75.345,,,,
2074.98,75.426,,,,
2074.83,75.508,,,,
2074.52,75.589,,,,
2074.99,75.67,,,,
2074.52,75.751,,,,
2074.46,75.833,,,,
2074.46,75.914,,,,
2074.55,75.997,,,,
2074.59,76.079,,,,
2074.41,76.16,,,,
2074.16,76.24,,,,
2074.18,76.321,,,,
2074.18,76.403,,,,
2074.15,76.484,,,,
2073.97,76.565,,,,
2073.67,76.649,,,,
2073.66,76.73,,,,
2073.33,76.811,,,,
2073.33,76.893,,,,
2073.24,76.974,,,,
2073.29,77.054,,,,
2072.94,77.136,,,,
2072.82,77.217,,,,
2072.78,77.298,,,,
2072.78,77.382,,,,
2072.53,77.463,,,,
2072.15,77.545,,,,
2072.05,77.626,,,,
2072.27,77.707,,,,
2071.99,77.788,,,,
2071.99,77.87,,,,
2071.87,77.95,,,,
2071.88,78.034,,,,
2071.67,78.115,,,,
2071.28,78.196,,,,
2071.32,78.278,,,,
2071.32,78.359,,,,
2071.37,78.44,,,,
2071.24,78.521,,,,
2070.84,78.603,,,,
2070.82,78.686,,,,
2070.58,78.768,,,,
2070.61,78.849,,,,
2070.58,78.929,,,,
2070.43,79.01,,,,
2070.47,79.092,,,,
2070.29,79.173,,,,
2070.02,79.254,,,,
2069.87,79.338,,,,
2069.87,79.419,,,,
2069.8,79.5,,,,
2069.66,79.582,,,,
2069.69,79.663,,,,
2069.4,79.744,,,,
2069.1,79.824,,,,
2069.1,79.905,,,,
2069.03,79.989,,,,
2069.03,80.071,,,,
2068.64,80.152,,,,
2068.54,80.233,,,,
2068.38,80.314,,,,
2068.38,80.396,,,,
2068.19,80.477,,,,
2067.85,80.558,,,,
2067.67,80.638,,,,
2067.32,80.722,,,,
2067.5,80.803,,,,
2067.5,80.885,,,,
2067.27,80.966,,,,
2067.16,81.047,,,,
2066.97,81.128,,,,
2066.58,81.21,,,,
2066.55,81.291,,,,
2066.55,81.375,,,,
2066.64,81.456,,,,
2066.71,81.537,,,,
2066.28,81.617,,,,
2066.3,81.698,,,,
2065.97,81.78,,,,
2065.97,81.861,,,,
2065.82,81.942,,,,
2065.97,82.026,,,,
2065.7,82.107,,,,
2065.59,82.188,,,,
2065.39,82.269,,,,
2065.39,82.351,,,,
2064.99,82.432,,,,
2064.96,82.512,,,,
2064.69,82.594,,,,
2064.45,82.677,,,,
2064.47,82.759,,,,
2064.47,82.84,,,,
2064.2,82.921,,,,
2064.24,83.003,,,,
2063.86,83.084,,,,
2063.61,83.165,,,,
2063.72,83.246,,,,
2063.5,83.33,,,,
2063.5,83.41,,,,
2063.51,83.492,,,,
2063.43,83.573,,,,
2063.17,83.654,,,,
2062.75,83.735,,,,
2062.98,83.817,,,,
2062.98,83.898,,,,
2062.82,83.979,,,,
2062.51,84.063,,,,
2062.41,84.171,,,,
2062.32,84.279,,,,
2062.16,84.386,,,,
2061.76,84.494,,,,
2061.64,84.601,,,,
2061.43,84.709,,,,
2061.55,84.816,,,,
2061.26,84.93,,,,
2061.2,85.037,,,,
2060.89,85.142,,,,
2060.61,85.249,,,,
2060.5,85.354,,,,
2060.63,85.46,,,,
2060.74,85.567,,,,
2060.62,85.672,,,,
2060.19,85.822,,,,
2059.88,85.904,,,,
2059.97,85.985,,,,
2059.87,86.066,,,,
2059.87,86.147,,,,
2059.79,86.228,,,,
2059.93,86.309,,,,
2059.85,86.39,,,,
2059.72,86.474,,,,
2059.35,86.555,,,,
2059.35,86.637,,,,
2059.56,86.718,,,,
2059.26,86.799,,,,
2059.12,86.88,,,,
2058.99,86.962,,,,
2058.55,87.043,,,,
2058.55,87.123,,,,
2058.57,87.207,,,,
2058.51,87.288,,,,
2058.08,87.37,,,,
2057.72,87.451,,,,
2057.41,87.532,,,,
2057.32,87.613,,,,
2057.52,87.694,,,,
2057.23,87.776,,,,
2056.92,87.859,,,,
2056.49,87.941,,,,
2056.7,88.022,,,,
2056.62,88.102,,,,
2056.62,88.183,,,,
2056.75,88.265,,,,
2056.36,88.346,,,,
2056.19,88.427,,,,
2056.46,88.509,,,,
2056.15,88.592,,,,
2056.15,88.674,,,,
2056.14,88.755,,,,
2055.88,88.836,,,,
2055.7,88.918,,,,
2055.5,88.998,,,,
2055.65,89.079,,,,
2055.65,89.161,,,,
2055.55,89.244,,,,
2055.19,89.326,,,,
2055.23,89.407,,,,
2055.08,89.488,,,,
2055.11,89.569,,,,
2055.11,89.651,,,,
2054.95,89.732,,,,
2054.59,89.812,,,,
2054.33,89.896,,,,
2054.34,89.977,,,,
2054.25,90.058,,,,
2054.25,90.14,,,,
2054.06,90.221,,,,
2053.48,90.302,,,,
2053.4,90.384,,,,
2053.75,90.465,,,,
2053.39,90.549,,,,
2053.39,90.63,,,,
2052.93,90.711,,,,
2052.99,90.792,,,,
2052.76,90.873,,,,
2052.59,90.954,,,,
2052.52,91.036,,,,
2052.52,91.117,,,,
2052.4,91.201,,,,
2052.43,91.282,,,,
2052.19,91.364,,,,
2052.15,91.445,,,,
2052.06,91.526,,,,
2051.95,91.608,,,,
2051.95,91.688,,,,
2051.61,91.769,,,,
2051.69,91.85,,,,
2051.8,91.934,,,,
2051.71,92.015,,,,
2051.45,92.097,,,,
2051.45,92.178,,,,
2051.24,92.259,,,,
2051.05,92.341,,,,
2050.76,92.422,,,,
2050.38,92.503,,,,
2049.92,92.587,,,,
2049.92,92.667,,,,
2049.82,92.749,,,,
2049.65,92.83,,,,
2049.54,92.911,,,,
2049.25,92.993,,,,
2048.91,93.074,,,,
2048.91,93.155,,,,
2048.86,93.239,,,,
2048.88,93.32,,,,
2048.87,93.402,,,,
2048.48,93.483,,,,
2048.74,93.563,,,,
2048.74,93.645,,,,
2048.66,93.726,,,,
2048.55,93.807,,,,
2048.38,93.891,,,,
2048.21,93.972,,,,
2048.37,94.053,,,,
2048.37,94.135,,,,
2048.01,94.216,,,,
2048.05,94.297,,,,
2048.06,94.379,,,,
2047.62,94.459,,,,
2047.71,94.543,,,,
2047.42,94.624,,,,
2047.42,94.705,,,,
2047.23,94.787,,,,
2047.24,94.868,,,,
2047.25,94.949,,,,
2046.91,95.031,,,,
2046.96,95.112,,,,
2046.96,95.193,,,,
2046.7,95.277,,,,
2046.38,95.357,,,,
2046.32,95.438,,,,
2046.55,95.52,,,,
2046.26,95.601,,,,
2046.26,95.682,,,,
2046.23,95.764,,,,
2046.5,95.845,,,,
2046.01,95.928,,,,
2045.64,96.01,,,,
2045.62,96.091,,,,
2045.62,96.172,,,,
2045.44,96.252,,,,
2045.63,96.334,,,,
2045.17,96.415,,,,
2045.42,96.496,,,,
2045.25,96.58,,,,
2045.25,96.661,,,,
2045.23,96.742,,,,
2045.2,96.824,,,,
2044.85,96.905,,,,
2044.68,96.986,,,,
2044.69,97.067,,,,
2044.69,97.148,,,,
2044.67,97.229,,,,
2044.49,97.313,,,,
2044.4,97.394,,,,
2044.07,97.475,,,,
2044.35,97.557,,,,
2044.35,97.638,,,,
2043.81,97.719,,,,
2044.01,97.801,,,,
2043.67,97.882,,,,
2043.64,97.966,,,,
2043.43,98.046,,,,
2043.53,98.128,,,,
2043.5,98.209,,,,
2043.34,98.29,,,,
2043.06,98.372,,,,
2042.86,98.453,,,,
2042.64,98.535,,,,
2042.75,98.618,,,,
2042.75,98.7,,,,
2042.86,98.781,,,,
2042.56,98.862,,,,
2042.62,98.944,,,,
2042.69,99.024,,,,
2042.42,99.105,,,,
2042.42,99.187,,,,
2042.37,99.27,,,,
2042.49,99.352,,,,
2042.36,99.433,,,,
2042.44,99.514,,,,
2042.12,99.595,,,,
2042.12,99.677,,,,
2042.35,99.758,,,,
2042.28,99.838,,,,
2042.33,99.922,,,,
2042.35,100.003,,,,
2042.25,100.085,,,,
2042.25,100.166,,,,
2042.09,100.247,,,,
2042.11,100.329,,,,
2042,100.41,,,,
2041.99,100.491,,,,
2042.24,100.575,,,,
2042.24,100.656,,,,
2041.91,100.737,,,,
2042.06,100.818,,,,
2042.23,100.899,,,,
2042.11,100.98,,,,
2042.24,101.062,,,,
2042.24,101.143,,,,
2042.17,101.227,,,,
2042.04,101.308,,,,
2042.08,101.389,,,,
2041.94,101.471,,,,
2042.11,101.552,,,,
2041.88,101.633,,,,
2041.88,101.713,,,,
2041.98,101.795,,,,
2042.07,101.876,,,,
2042.15,101.96,,,,
2041.96,102.041,,,,
2042.01,102.122,,,,
2042.01,102.204,,,,
2042.09,102.285,,,,
2041.98,102.366,,,,
2042.2,102.448,,,,
2042.05,102.529,,,,
2042.14,102.612,,,,
2042.14,102.693,,,,
2042.12,102.774,,,,
2041.97,102.855,,,,
2042.15,102.937,,,,
2042.4,103.018,,,,
2042.36,103.099,,,,
2042.36,103.181,,,,
2042.18,103.264,,,,
2042.18,103.346,,,,
2042.2,103.427,,,,
2042.56,103.507,,,,
2042.27,103.588,,,,
2042.27,103.67,,,,
2042.11,103.751,,,,
2041.99,103.832,,,,
2042.21,103.916,,,,
2042.08,103.997,,,,
2042.19,104.079,,,,
2042.19,104.16,,,,
2042.15,104.241,,,,
2042.03,104.322,,,,
2042.05,104.403,,,,
2041.88,104.484,,,,
2041.84,104.568,,,,
2041.84,104.649,,,,
2041.99,104.73,,,,
2042.01,104.812,,,,
2042.16,104.893,,,,
2042.22,104.974,,,,
2042.09,105.055,,,,
2042.09,105.137,,,,
2042.12,105.22,,,,
2042.12,105.302,,,,
2042.08,105.382,,,,
2042.37,105.463,,,,
2042.5,105.544,,,,
2042.42,105.626,,,,
2042.42,105.707,,,,
2042.08,105.788,,,,
2042.09,105.872,,,,
2042.11,105.953,,,,
2042.33,106.035,,,,
2042.14,106.116,,,,
2042.14,106.196,,,,
2042.02,106.277,,,,
2042.04,106.359,,,,
2042.17,106.44,,,,
2042.26,106.521,,,,
2042.14,106.6,,,,
2042.14,106.681,,,,
2042,106.763,,,,
2042.13,106.844,,,,
2042.4,106.925,,,,
2042.24,107.005,,,,
2042.37,107.087,,,,
2042.37,107.168,,,,
2042.25,107.259,,,,
2042.3,107.341,,,,
2042.08,107.422,,,,
2042.04,107.503,,,,
2042.01,107.585,,,,
2042.01,107.666,,,,
2042.12,107.747,,,,
2042.17,107.829,,,,
2041.96,107.912,,,,
2042.05,107.994,,,,
2042.19,108.075,,,,
2042.17,108.155,,,,
2042.11,108.237,,,,
2042.22,108.318,,,,
2042.05,108.399,,,,
2042.21,108.48,,,,
2042.18,108.564,,,,
2042.24,108.646,,,,
2042.24,108.727,,,,
2041.95,108.808,,,,
2042.12,108.889,,,,
2042.13,108.971,,,,
2042.19,109.051,,,,
2042.24,109.132,,,,
2042.24,109.216,,,,
2042.12,109.297,,,,
2042.13,109.379,,,,
2042.05,109.46,,,,
2042.21,109.541,,,,
2042.15,109.623,,,,
2042.15,109.704,,,,
2042.16,109.785,,,,
2042.23,109.869,,,,
2042.21,109.949,,,,
2041.94,110.031,,,,
2041.95,110.112,,,,
2041.95,110.193,,,,
2041.97,110.274,,,,
2042.31,110.356,,,,
2042.26,110.437,,,,
2042.3,110.521,,,,
2041.97,110.602,,,,
2041.97,110.684,,,,
2042.16,110.765,,,,
2042.09,110.845,,,,
2041.94,110.926,,,,
2041.95,111.008,,,,
2041.94,111.089,,,,
2041.94,111.173,,,,
2041.9,111.254,,,,
2042,111.335,,,,
2041.99,111.417,,,,
2042.01,111.498,,,,
2042.24,111.579,,,,
2042.24,111.661,,,,
2042.3,111.741,,,,
2041.99,111.822,,,,
2042.14,111.906,,,,
2041.91,111.987,,,,
2041.84,112.069,,,,
2042.07,112.15,,,,
2042.07,112.231,,,,
2042.16,112.312,,,,
2041.99,112.394,,,,
2042.01,112.475,,,,
2041.64,112.559,,,,
2042.11,112.64,,,,
2042.11,112.72,,,,
2042.11,112.802,,,,
2041.98,112.883,,,,
2041.9,112.964,,,,
2041.82,113.046,,,,
2041.93,113.127,,,,
2041.93,113.211,,,,
2042.08,113.292,,,,
2041.89,113.373,,,,
2041.9,113.455,,,,
2041.83,113.536,,,,
2041.9,113.616,,,,
2041.9,113.698,,,,
2041.99,113.779,,,,
2041.69,113.863,,,,
2041.88,113.944,,,,
2042.02,114.025,,,,
2042.08,114.107,,,,
2042.08,114.188,,,,
2041.85,114.269,,,,
2041.79,114.35,,,,
2041.93,114.432,,,,
2042.04,114.515,,,,
2041.84,114.596,,,,
2041.84,114.677,,,,
2041.82,114.758,,,,
2042.22,114.84,,,,
2041.76,114.921,,,,
2041.88,115.002,,,,
2042.08,115.084,,,,
2042.08,115.167,,,,
2041.78,115.249,,,,
2041.89,115.33,,,,
2041.86,115.41,,,,
2041.84,115.492,,,,
2041.88,115.573,,,,
2041.84,115.654,,,,
2041.75,115.735,,,,
2041.8,115.819,,,,
2041.59,115.901,,,,
2041.77,115.982,,,,
2041.58,116.063,,,,
2041.97,116.144,,,,
2041.97,116.226,,,,
2041.96,116.306,,,,
2041.96,116.387,,,,
2041.9,116.471,,,,
2041.97,116.552,,,,
2041.94,116.634,,,,
2041.94,116.715,,,,
2042.03,116.796,,,,
2042.18,116.878,,,,
2041.88,116.959,,,,
2041.99,117.04,,,,
2042.17,117.121,,,,
2042.17,117.204,,,,
2042.05,117.286,,,,
2042.16,117.367,,,,
2041.98,117.448,,,,
2042.22,117.53,,,,
2042.06,117.611,,,,
2042.06,117.692,,,,
2042.01,117.773,,,,
2042.02,117.857,,,,
2041.95,117.938,,,,
2041.86,118.02,,,,
2042.04,118.1,,,,
2042.04,118.181,,,,
2041.92,118.263,,,,
2041.86,118.344,,,,
2042.07,118.425,,,,
2041.91,118.509,,,,
2041.78,118.59,,,,
2041.78,118.672,,,,
2041.94,118.753,,,,
2041.93,118.834,,,,
2041.86,118.916,,,,
2041.83,118.996,,,,
2041.89,119.077,,,,
2042.3,119.161,,,,
2042.27,119.242,,,,
2041.84,119.323,,,,
2042.13,119.405,,,,
2041.94,119.486,,,,
2042.21,119.567,,,,
2042.06,119.649,,,,
2042,119.73,,,,
2042.09,119.814,,,,
2041.81,119.895,,,,
2041.78,119.975,,,,
2042.17,120.057,,,,
2041.89,120.138,,,,
2041.89,120.219,,,,
2041.9,120.3,,,,
2041.84,120.382,,,,
2041.81,120.466,,,,
2041.57,120.547,,,,
2041.58,120.628,,,,
2041.58,120.709,,,,
2041.67,120.791,,,,
2041.8,120.871,,,,
2041.94,120.952,,,,
2041.78,121.034,,,,
2041.92,121.117,,,,
2041.92,121.199,,,,
2041.76,121.28,,,,
2041.78,121.361,,,,
2041.57,121.442,,,,
2041.67,121.524,,,,
2041.8,121.605,,,,
2041.8,121.686,,,,
2041.69,121.769,,,,
2041.64,121.85,,,,
2041.49,121.932,,,,
2041.4,122.013,,,,
2041.47,122.094,,,,
2041.47,122.176,,,,
2041.63,122.257,,,,
2041.38,122.338,,,,
2041.74,122.419,,,,
2041.64,122.503,,,,
2041.89,122.585,,,,
2041.89,122.665,,,,
2041.98,122.746,,,,
2041.73,122.827,,,,
2041.65,122.909,,,,
2041.77,122.99,,,,
2041.63,123.071,,,,
2041.63,123.155,,,,
2041.53,123.236,,,,
2041.91,123.318,,,,
2041.48,123.399,,,,
2041.68,123.48,,,,
2041.53,123.561,,,,
2041.53,123.642,,,,
2041.61,123.723,,,,
2041.69,123.807,,,,
2041.43,123.888,,,,
2041.59,123.97,,,,
2041.74,124.051,,,,
2041.65,124.132,,,,
2041.65,124.213,,,,
2041.67,124.295,,,,
2041.95,124.376,,,,
2041.99,124.46,,,,
2041.85,124.54,,,,
2041.86,124.621,,,,
2041.86,124.703,,,,
2041.68,124.784,,,,
2042.08,124.865,,,,
2041.92,124.947,,,,
2042.02,125.028,,,,
2042.03,125.112,,,,
2042.03,125.193,,,,
2041.93,125.274,,,,
2041.94,125.356,,,,
2041.97,125.436,,,,
2042,125.517,,,,
2041.85,125.599,,,,
2041.85,125.68,,,,
2041.83,125.764,,,,
2041.97,125.845,,,,
2041.89,125.926,,,,
2041.89,126.008,,,,
2042.19,126.089,,,,
2042.19,126.17,,,,
2042.26,126.252,,,,
2042.21,126.332,,,,
2041.97,126.413,,,,
2041.91,126.497,,,,
2041.86,126.579,,,,
2041.86,126.66,,,,
2041.96,126.741,,,,
2041.86,126.822,,,,
2042.14,126.904,,,,
2041.79,126.985,,,,
2041.87,127.066,,,,
2041.87,127.15,,,,
2041.93,127.232,,,,
2041.84,127.312,,,,
2042.04,127.393,,,,
2041.99,127.475,,,,
2041.8,127.556,,,,
2041.8,127.637,,,,
2041.86,127.718,,,,
2041.94,127.802,,,,
2042.15,127.884,,,,
2042.09,127.965,,,,
2042.04,128.046,,,,
2041.86,128.126,,,,
2041.86,128.208,,,,
2041.95,128.289,,,,
2041.84,128.37,,,,
2041.91,128.465,,,,
2042.14,128.546,,,,
2041.91,128.628,,,,
2041.91,128.709,,,,
2042.02,128.791,,,,
2041.97,128.872,,,,
2042.13,128.953,,,,
2041.91,129.035,,,,
2042.22,129.119,,,,
2041.9,129.2,,,,
2041.93,129.281,,,,
2041.71,129.362,,,,
2041.89,129.443,,,,
2042.21,129.524,,,,
2042.11,129.606,,,,
2042.04,129.687,,,,
2042,129.771,,,,
2041.85,129.852,,,,
2041.87,129.933,,,,
2042,130.015,,,,
2041.79,130.096,,,,
2041.85,130.177,,,,
2041.85,130.258,,,,
2041.89,130.339,,,,
2041.8,130.423,,,,
2042.02,130.504,,,,
2041.74,130.586,,,,
2042.12,130.667,,,,
2042.12,130.748,,,,
2041.96,130.83,,,,
2041.9,130.911,,,,
2041.83,130.992,,,,
2042.01,131.076,,,,
2041.85,131.156,,,,
2041.85,131.238,,,,
2042.09,131.319,,,,
2042.1,131.4,,,,
2042.15,131.482,,,,
2042.19,131.563,,,,
2042.19,131.645,,,,
2042.19,131.726,,,,
2042.09,131.81,,,,
2042.12,131.891,,,,
2042.1,131.972,,,,
2042.12,132.054,,,,
2042.15,132.134,,,,
2042.15,132.215,,,,
2041.96,132.297,,,,
2041.99,132.378,,,,
2042,132.462,,,,
2041.92,132.543,,,,
2041.99,132.624,,,,
2041.99,132.706,,,,
2041.78,132.787,,,,
2041.94,132.869,,,,
2041.87,132.95,,,,
2042.09,133.03,,,,
2042.19,133.114,,,,
2042.21,133.195,,,,
2042.17,133.277,,,,
2042.22,133.358,,,,
2042.07,133.439,,,,
2041.98,133.521,,,,
2041.97,133.602,,,,
2042.02,133.683,,,,
2041.99,133.767,,,,
2042.04,133.849,,,,
2042.08,133.929,,,,
2042.05,134.01,,,,
2042.07,134.092,,,,
2042.02,134.173,,,,
2042.02,134.254,,,,
2042,134.335,,,,
2042.21,134.419,,,,
2042.01,134.501,,,,
2042.09,134.582,,,,
2042.21,134.663,,,,
2042.21,134.745,,,,
2042,134.825,,,,
2042.13,134.906,,,,
2042.04,134.988,,,,
2042.19,135.071,,,,
2042.07,135.153,,,,
2042.07,135.234,,,,
2042.01,135.315,,,,
2041.76,135.397,,,,
2041.86,135.478,,,,
2041.9,135.559,,,,
2041.81,135.641,,,,
2041.81,135.725,,,,
2041.84,135.805,,,,
2041.93,135.886,,,,
2042.02,135.968,,,,
2041.98,136.049,,,,
2041.72,136.13,,,,
2041.72,136.212,,,,
2041.84,136.293,,,,
2041.79,136.377,,,,
2041.87,136.458,,,,
2042.06,136.539,,,,
2041.9,136.621,,,,
2041.9,136.701,,,,
2041.98,136.782,,,,
2042.03,136.864,,,,
2041.67,136.945,,,,
2042,137.026,,,,
2041.89,137.11,,,,
2041.89,137.192,,,,
2042.02,137.273,,,,
2041.84,137.354,,,,
2042.08,137.436,,,,
2041.8,137.517,,,,
2041.85,137.597,,,,
2041.85,137.679,,,,
2042.13,137.762,,,,
2041.83,137.844,,,,
2041.93,137.925,,,,
2041.86,138.006,,,,
2042.02,138.088,,,,
2041.99,138.169,,,,
2041.99,138.25,,,,
2041.92,138.332,,,,
2042.14,138.415,,,,
2041.94,138.497,,,,
2041.88,138.577,,,,
2042.21,138.658,,,,
2042.21,138.74,,,,
2041.97,138.821,,,,
2042.13,138.902,,,,
2042.21,138.984,,,,
2042.28,139.068,,,,
2041.95,139.149,,,,
2041.95,139.23,,,,
2041.85,139.312,,,,
2042.15,139.393,,,,
2041.93,139.473,,,,
2042.03,139.555,,,,
2042.14,139.636,,,,
2042.14,139.72,,,,
2042,139.801,,,,
2041.7,139.882,,,,
2042.06,139.964,,,,
2041.94,140.045,,,,
2041.96,140.126,,,,
2041.96,140.208,,,,
2041.87,140.289,,,,
2041.91,140.372,,,,
2042.07,140.453,,,,
2041.91,140.534,,,,
2042.08,140.616,,,,
2042.08,140.697,,,,
2041.9,140.778,,,,
2041.79,140.86,,,,
2041.97,140.941,,,,
2041.82,141.025,,,,
2041.94,141.106,,,,
2041.94,141.187,,,,
2042.03,141.268,,,,
2041.92,141.349,,,,
2041.96,141.43,,,,
2041.72,141.512,,,,
2041.9,141.601,,,,
2042.01,141.685,,,,
2042.01,141.766,,,,
2042.12,141.847,,,,
2041.84,141.929,,,,
2041.97,142.01,,,,
2041.97,142.091,,,,
2042.07,142.172,,,,
2042.07,142.254,,,,
2042.16,142.334,,,,
2041.95,142.418,,,,
2041.88,142.499,,,,
2041.7,142.58,,,,
2041.93,142.662,,,,
2041.93,142.743,,,,
2041.76,142.824,,,,
2041.99,142.906,,,,
2041.81,142.987,,,,
2042.02,143.071,,,,
2041.98,143.152,,,,
2041.98,143.233,,,,
2041.88,143.314,,,,
2041.93,143.395,,,,
2041.99,143.476,,,,
2041.74,143.558,,,,
2041.76,143.639,,,,
2041.76,143.723,,,,
2041.85,143.804,,,,
2041.71,143.885,,,,
2041.8,143.967,,,,
2041.84,144.048,,,,
2041.79,144.129,,,,
2041.79,144.209,,,,
2041.81,144.291,,,,
2041.81,144.375,,,,
2041.95,144.456,,,,
2042.08,144.537,,,,
2041.99,144.618,,,,
2041.99,144.7,,,,
2041.9,144.781,,,,
2041.97,144.862,,,,
2041.97,144.944,,,,
2041.95,145.027,,,,
2041.96,145.108,,,,
2041.93,145.189,,,,
2041.93,145.27,,,,
2041.96,145.352,,,,
2042.12,145.433,,,,
2041.84,145.514,,,,
2042,145.595,,,,
2042.12,145.679,,,,
2042.12,145.761,,,,
2041.88,145.842,,,,
2042.1,145.923,,,,
2042.17,146.003,,,,
2042.34,146.085,,,,
2042.07,146.166,,,,
2042.07,146.247,,,,
2042.08,146.331,,,,
2041.84,146.412,,,,
2041.97,146.494,,,,
2041.8,146.575,,,,
2042.06,146.656,,,,
2042.06,146.738,,,,
2042.01,146.819,,,,
2042,146.899,,,,
2041.77,146.983,,,,
2041.91,147.064,,,,
2041.98,147.146,,,,
2041.98,147.227,,,,
2041.83,147.308,,,,
2041.74,147.389,,,,
2041.83,147.471,,,,
2041.61,147.552,,,,
2041.74,147.633,,,,
2041.74,147.717,,,,
2041.8,147.799,,,,
2041.89,147.879,,,,
2042,147.96,,,,
2041.92,148.041,,,,
2041.98,148.123,,,,
2041.98,148.204,,,,
2041.86,148.285,,,,
2042.04,148.369,,,,
2041.7,148.476,,,,
2041.96,148.584,,,,
2042.08,148.691,,,,
2042.03,148.798,,,,
2041.88,148.905,,,,
2041.93,149.013,,,,
2041.94,149.121,,,,
2041.9,149.233,,,,
2041.94,149.339,,,,
2041.8,149.444,,,,
2042.08,149.55,,,,
2041.75,149.655,,,,
2041.86,149.762,,,,
2041.75,149.867,,,,
2041.79,149.972,,,,
2042.02,150.122,,,,
2041.85,150.203,,,,
2041.94,150.285,,,,
2041.89,150.366,,,,
2041.89,150.447,,,,
2041.87,150.529,,,,
2041.73,150.609,,,,
2041.84,150.69,,,,
2041.91,150.774,,,,
2041.84,150.855,,,,
2041.84,150.937,,,,
2041.79,151.018,,,,
2041.89,151.099,,,,
2041.88,151.181,,,,
2041.82,151.262,,,,
2041.9,151.343,,,,
2041.9,151.427,,,,
2041.67,151.507,,,,
2042.08,151.589,,,,
2042.04,151.67,,,,
2042,151.751,,,,
2041.74,151.833,,,,
2041.74,151.914,,,,
2041.94,151.995,,,,
2042.02,152.079,,,,
2042.15,152.16,,,,
2041.76,152.242,,,,
2041.97,152.323,,,,
2041.97,152.403,,,,
2042.12,152.485,,,,
2042.19,152.566,,,,
2042.08,152.647,,,,
2042.35,152.729,,,,
2042.11,152.812,,,,
2042.1,152.894,,,,
2042.1,152.975,,,,
2042.01,153.056,,,,
2042.21,153.138,,,,
2041.98,153.219,,,,
2041.94,153.299,,,,
2042.08,153.381,,,,
2042.08,153.464,,,,
2041.97,153.546,,,,
2041.97,153.627,,,,
2041.9,153.708,,,,
2041.69,153.79,,,,
2042.01,153.871,,,,
2042.01,153.952,,,,
2042.03,154.034,,,,
2042.01,154.117,,,,
2041.85,154.199,,,,
2041.91,154.279,,,,
2042.03,154.36,,,,
2042.03,154.442,,,,
2042.12,154.523,,,,
2042.04,154.604,,,,
2042.07,154.686,,,,
2041.86,154.769,,,,
2041.89,154.851,,,,
2041.89,154.932,,,,
2041.91,155.013,,,,
2041.87,155.095,,,,
2041.91,155.175,,,,
2041.91,155.256,,,,
2041.82,155.338,,,,
2041.82,155.421,,,,
2042.1,155.503,,,,
2041.92,155.584,,,,
2041.98,155.665,,,,
2041.85,155.747,,,,
2042.04,155.828,,,,
2042.04,155.909,,,,
2041.95,155.991,,,,
2042.04,156.073,,,,
2041.83,156.155,,,,
2041.99,156.236,,,,
2041.98,156.317,,,,
2041.98,156.399,,,,
2041.88,156.48,,,,
2042.06,156.561,,,,
2042.09,156.643,,,,
2042.4,156.726,,,,
2041.91,156.808,,,,
2041.91,156.889,,,,
2041.78,156.969,,,,
2041.94,157.051,,,,
2041.71,157.132,,,,
2041.58,157.213,,,,
2041.91,157.294,,,,
2041.91,157.378,,,,
2041.72,157.46,,,,
2041.95,157.541,,,,
2041.66,157.622,,,,
2041.77,157.704,,,,
2041.56,157.785,,,,
2041.56,157.865,,,,
2041.91,157.947,,,,
2041.75,158.028,,,,
2041.71,158.112,,,,
2041.73,158.193,,,,
2041.75,158.274,,,,
2041.8,158.356,,,,
2041.8,158.437,,,,
2041.98,158.518,,,,
2041.79,158.6,,,,
2041.97,158.681,,,,
2041.94,158.765,,,,
2041.94,158.845,,,,
2041.94,158.926,,,,
2041.66,159.008,,,,
2041.73,159.089,,,,
2041.66,159.17,,,,
2041.94,159.252,,,,
2041.91,159.333,,,,
2041.91,159.417,,,,
2042.14,159.498,,,,
2042.03,159.579,,,,
2042.06,159.661,,,,
2041.85,159.741,,,,
2041.89,159.822,,,,
2041.89,159.904,,,,
2041.93,159.985,,,,
2041.96,160.069,,,,
2042,160.15,,,,
2041.98,160.231,,,,
2041.84,160.313,,,,
2041.84,160.394,,,,
2041.91,160.475,,,,
2041.74,160.557,,,,
2041.98,160.637,,,,
2041.92,160.721,,,,
2041.86,160.802,,,,
2041.86,160.883,,,,
2041.89,160.965,,,,
2041.86,161.046,,,,
2041.98,161.127,,,,
2041.98,161.208,,,,
2041.95,161.29,,,,
2041.95,161.374,,,,
2042.08,161.455,,,,
2041.81,161.536,,,,
2041.93,161.617,,,,
2042.02,161.698,,,,
2041.98,161.779,,,,
2041.98,161.86,,,,
2041.99,161.942,,,,
2041.78,162.026,,,,
2041.86,162.107,,,,
2041.93,162.188,,,,
2041.91,162.269,,,,
2041.91,162.351,,,,
2041.8,162.432,,,,
2042.14,162.512,,,,
2042.34,162.594,,,,
2042,162.675,,,,
2041.88,162.759,,,,
2041.88,162.84,,,,
2041.92,162.922,,,,
2041.78,163.003,,,,
2041.85,163.084,,,,
2041.73,163.166,,,,
2041.87,163.247,,,,
2041.87,163.328,,,,
2041.8,163.411,,,,
2041.61,163.493,,,,
2041.68,163.574,,,,
2041.69,163.655,,,,
2042.05,163.737,,,,
2041.81,163.818,,,,
2041.78,163.899,,,,
2041.89,163.981,,,,
2042.07,164.064,,,,
2041.63,164.146,,,,
2041.99,164.227,,,,
2041.91,164.307,,,,
2041.91,164.389,,,,
2042.02,164.47,,,,
2041.97,164.551,,,,
2041.93,164.633,,,,
2041.95,164.717,,,,
2041.88,164.798,,,,
2041.88,164.879,,,,
2042.1,164.961,,,,
2041.79,165.042,,,,
2041.76,165.123,,,,
2041.86,165.204,,,,
2042.08,165.285,,,,
2042.08,165.369,,,,
2042.03,165.45,,,,
2042.17,165.531,,,,
2041.88,165.613,,,,
2042.02,165.694,,,,
2042,165.775,,,,
2042,165.857,,,,
2042.04,165.938,,,,
2041.95,166.022,,,,
2041.94,166.103,,,,
2041.71,166.184,,,,
2041.87,166.265,,,,
2041.87,166.346,,,,
2041.91,166.428,,,,
2042.02,166.509,,,,
2041.77,166.59,,,,
2041.89,166.674,,,,
2041.83,166.755,,,,
2041.83,166.837,,,,
2041.95,166.918,,,,
2041.95,166.999,,,,
2041.71,167.08,,,,
2041.93,167.161,,,,
2041.85,167.242,,,,
2041.85,167.326,,,,
2041.75,167.408,,,,
2041.8,167.489,,,,
2041.98,167.57,,,,
2041.95,167.652,,,,
2041.88,167.733,,,,
2041.88,167.814,,,,
2041.6,167.896,,,,
2041.74,167.976,,,,
2041.85,168.06,,,,
2042.03,168.141,,,,
2042.05,168.223,,,,
2042.05,168.304,,,,
2041.86,168.385,,,,
2042.06,168.467,,,,
2041.9,168.548,,,,
2041.94,168.629,,,,
2041.9,168.713,,,,
2042.05,168.794,,,,
2042.05,168.876,,,,
2041.8,168.956,,,,
2041.7,169.037,,,,
2041.8,169.119,,,,
2041.7,169.2,,,,
2041.79,169.281,,,,
2041.79,169.365,,,,
2041.74,169.447,,,,
2041.69,169.528,,,,
2041.8,169.609,,,,
2041.61,169.69,,,,
2041.88,169.772,,,,
2041.88,169.852,,,,
2042.21,169.933,,,,
2041.79,170.017,,,,
2041.85,170.099,,,,
2042.18,170.18,,,,
2042.01,170.261,,,,
2042.01,170.342,,,,
2041.94,170.424,,,,
2042.11,170.505,,,,
2042.34,170.586,,,,
2042.03,170.67,,,,
2042.04,170.75,,,,
2042.04,170.832,,,,
2041.77,170.913,,,,
2042,170.994,,,,
2042.02,171.076,,,,
2041.66,171.157,,,,
2041.75,171.238,,,,
2041.75,171.319,,,,
2041.8,171.411,,,,
2041.79,171.492,,,,
2041.75,171.574,,,,
2041.88,171.655,,,,
2041.81,171.736,,,,
2041.81,171.817,,,,
2041.79,171.898,,,,
2041.67,171.979,,,,
2041.76,172.063,,,,
2041.78,172.145,,,,
2041.77,172.226,,,,
2041.79,172.307,,,,
2041.79,172.388,,,,
2042.03,172.47,,,,
2041.87,172.551,,,,
2041.96,172.633,,,,
2041.94,172.716,,,,
2042.15,172.797,,,,
2042.15,172.878,,,,
2041.72,172.959,,,,
2041.73,173.041,,,,
2041.93,173.122,,,,
2041.95,173.203,,,,
2041.77,173.285,,,,
2041.77,173.368,,,,
2041.88,173.45,,,,
2041.54,173.531,,,,
2041.82,173.612,,,,
2041.62,173.693,,,,
2041.86,173.774,,,,
2041.86,173.856,,,,
2042.15,173.937,,,,
2041.83,174.018,,,,
2041.99,174.102,,,,
2041.63,174.183,,,,
2041.71,174.265,,,,
2041.71,174.346,,,,
2041.76,174.427,,,,
2041.67,174.509,,,,
2041.76,174.589,,,,
2041.66,174.67,,,,
2041.65,174.754,,,,
2041.65,174.835,,,,
2041.76,174.917,,,,
2041.83,174.998,,,,
2041.87,175.079,,,,
2041.79,175.161,,,,
2041.9,175.242,,,,
2041.9,175.323,,,,
2041.79,175.407,,,,
2041.75,175.489,,,,
2041.79,175.569,,,,
2041.52,175.65,,,,
2041.44,175.732,,,,
2041.44,175.813,,,,
2041.49,175.894,,,,
2041.78,175.976,,,,
2041.36,176.059,,,,
2041.47,176.141,,,,
2041.52,176.222,,,,
2041.52,176.303,,,,
2041.74,176.385,,,,
2041.65,176.465,,,,
2041.77,176.546,,,,
2041.58,176.628,,,,
2041.81,176.712,,,,
2041.81,176.793,,,,
2041.84,176.874,,,,
2041.48,176.956,,,,
2041.77,177.037,,,,
2041.79,177.118,,,,
2041.67,177.2,,,,
2041.67,177.281,,,,
2041.94,177.361,,,,
2041.74,177.445,,,,
2041.8,177.527,,,,
2041.75,177.608,,,,
2041.6,177.689,,,,
2041.6,177.771,,,,
2041.68,177.852,,,,
2041.83,177.934,,,,
2041.61,178.015,,,,
2041.6,178.099,,,,
2041.81,178.18,,,,
2041.5,178.26,,,,
2041.5,178.342,,,,
2041.88,178.423,,,,
2041.82,178.504,,,,
2041.77,178.586,,,,
2041.58,178.667,,,,
2041.46,178.751,,,,
2041.46,178.832,,,,
2041.58,178.914,,,,
2041.76,178.995,,,,
2041.55,179.076,,,,
2041.51,179.158,,,,
2041.42,179.238,,,,
2041.42,179.319,,,,
2041.77,179.403,,,,
2041.71,179.484,,,,
2041.63,179.566,,,,
2041.61,179.647,,,,
2041.69,179.728,,,,
2041.69,179.81,,,,
2041.6,179.891,,,,
2041.79,179.973,,,,
2041.47,180.056,,,,
2041.72,180.137,,,,
2042.09,180.218,,,,
2042.09,180.3,,,,
2041.84,180.381,,,,
2042.11,180.462,,,,
2041.85,180.544,,,,
2041.47,180.625,,,,
2041.49,180.709,,,,
2041.49,180.79,,,,
2041.67,180.872,,,,
2041.66,180.953,,,,
2041.77,181.033,,,,
2041.81,181.115,,,,
2041.91,181.196,,,,
2041.91,181.278,,,,
2041.74,181.361,,,,
2041.81,181.443,,,,
2041.85,181.524,,,,
2041.61,181.605,,,,
2041.77,181.687,,,,
2041.77,181.768,,,,
2042.05,181.849,,,,
2041.91,181.931,,,,
2041.81,182.013,,,,
2041.95,182.095,,,,
2041.61,182.176,,,,
2041.61,182.257,,,,
2041.71,182.339,,,,
2041.88,182.42,,,,
2041.94,182.502,,,,
2041.63,182.583,,,,
2041.81,182.664,,,,
2041.81,182.748,,,,
2042.17,182.829,,,,
2042,182.91,,,,
2041.99,182.991,,,,
2041.85,183.072,,,,
2041.94,183.154,,,,
2041.94,183.235,,,,
2041.64,183.316,,,,
2042.02,183.4,,,,
2041.96,183.482,,,,
2042.11,183.563,,,,
2042.19,183.644,,,,
2042.25,183.726,,,,
2042.22,183.806,,,,
2041.97,183.887,,,,
2041.97,183.969,,,,
2041.78,184.053,,,,
2041.86,184.134,,,,
2041.81,184.215,,,,
2041.81,184.297,,,,
2042.04,184.378,,,,
2041.76,184.459,,,,
2041.85,184.541,,,,
2041.71,184.622,,,,
2041.95,184.706,,,,
2041.95,184.786,,,,
2041.96,184.868,,,,
2041.92,184.949,,,,
2042.1,185.03,,,,
2042.2,185.112,,,,
2042.12,185.193,,,,
2042.12,185.274,,,,
2041.84,185.358,,,,
2042,185.44,,,,
2042.1,185.521,,,,
2042.04,185.602,,,,
2042.19,185.683,,,,
2042.19,185.764,,,,
2042.11,185.845,,,,
2042.03,185.927,,,,
2041.83,186.011,,,,
2041.86,186.092,,,,
2041.89,186.173,,,,
2041.89,186.255,,,,
2041.97,186.336,,,,
2041.94,186.417,,,,
2041.83,186.499,,,,
2042.21,186.579,,,,
2042.12,186.663,,,,
2042.12,186.744,,,,
2042.06,186.826,,,,
2042.16,186.907,,,,
2042.16,186.988,,,,
2042.26,187.07,,,,
2041.89,187.151,,,,
2041.89,187.232,,,,
2042,187.316,,,,
2041.7,187.398,,,,
2041.58,187.479,,,,
2041.76,187.559,,,,
2041.86,187.641,,,,
2041.86,187.722,,,,
2041.85,187.803,,,,
2041.92,187.885,,,,
2041.9,187.969,,,,
2041.88,188.05,,,,
2041.91,188.131,,,,
2041.91,188.213,,,,
2041.75,188.294,,,,
2041.81,188.375,,,,
2041.43,188.456,,,,
2041.73,188.537,,,,
2041.75,188.621,,,,
2041.84,188.702,,,,
2041.84,188.784,,,,
2042.16,188.865,,,,
2041.91,188.946,,,,
2042.06,189.028,,,,
2041.91,189.109,,,,
2041.91,189.19,,,,
2042.04,189.274,,,,
2041.56,189.356,,,,
2041.78,189.436,,,,
2041.92,189.517,,,,
2041.54,189.599,,,,
2041.72,189.68,,,,
2041.72,189.761,,,,
2041.78,189.843,,,,
2041.78,189.927,,,,
2041.94,190.008,,,,
2042.07,190.089,,,,
2041.99,190.171,,,,
2041.99,190.252,,,,
2042.06,190.332,,,,
2042.1,190.414,,,,
2042.03,190.495,,,,
2041.86,190.579,,,,
2041.78,190.66,,,,
2041.78,190.742,,,,
2041.9,190.823,,,,
2041.86,190.904,,,,
2042,190.986,,,,
2041.76,191.067,,,,
2041.84,191.148,,,,
2041.84,191.232,,,,
2041.89,191.313,,,,
2041.9,191.394,,,,
2041.83,191.475,,,,
2041.97,191.557,,,,
2041.73,191.638,,,,
2041.73,191.719,,,,
2041.81,191.801,,,,
2041.9,191.885,,,,
2042,191.966,,,,
2041.95,192.048,,,,
2041.77,192.129,,,,
2041.77,192.21,,,,
2041.61,192.291,,,,
2041.66,192.372,,,,
2041.63,192.454,,,,
2041.68,192.548,,,,
2041.79,192.63,,,,
2041.83,192.711,,,,
2041.83,192.793,,,,
2041.9,192.874,,,,
2042,192.955,,,,
2041.86,193.037,,,,
2042.16,193.118,,,,
2042.07,193.202,,,,
2042.07,193.284,,,,
2041.84,193.364,,,,
2042.07,193.445,,,,
2042.02,193.527,,,,
2042.16,193.608,,,,
2042.02,193.689,,,,
2042.02,193.771,,,,
2041.8,193.855,,,,
2042.14,193.936,,,,
2042,194.017,,,,
2042.07,194.099,,,,
2042.13,194.18,,,,
2042.13,194.26,,,,
2042.26,194.342,,,,
2042.08,194.423,,,,
2042.12,194.507,,,,
2042.03,194.588,,,,
2041.87,194.67,,,,
2041.87,194.751,,,,
2042.05,194.833,,,,
2042.05,194.914,,,,
2041.98,194.995,,,,
2042.18,195.077,,,,
2042.13,195.161,,,,
2042.13,195.241,,,,
2042.22,195.322,,,,
2041.88,195.404,,,,
2042.11,195.485,,,,
2042.23,195.566,,,,
2042.24,195.648,,,,
2042.24,195.729,,,,
2041.99,195.813,,,,
2042.14,195.894,,,,
2041.89,195.976,,,,
2041.96,196.057,,,,
2041.89,196.139,,,,
2041.91,196.219,,,,
2041.91,196.3,,,,
2042,196.382,,,,
2041.97,196.466,,,,
2042.15,196.547,,,,
2042.11,196.628,,,,
2042.32,196.71,,,,
2042.32,196.791,,,,
2041.93,196.872,,,,
2042.09,196.954,,,,
2042,197.035,,,,
2041.91,197.118,,,,
2042.46,197.199,,,,
2042.46,197.281,,,,
2042.14,197.362,,,,
2041.98,197.444,,,,
2041.8,197.525,,,,
2041.97,197.606,,,,
2041.83,197.688,,,,
2041.83,197.772,,,,
2041.84,197.853,,,,
2041.87,197.934,,,,
2041.96,198.016,,,,
2041.98,198.096,,,,
2041.91,198.177,,,,
2041.91,198.259,,,,
2042.1,198.34,,,,
2041.96,198.424,,,,
2042.02,198.505,,,,
2041.9,198.587,,,,
2041.83,198.668,,,,
2041.83,198.75,,,,
2041.99,198.831,,,,
2042,198.912,,,,
2041.94,198.993,,,,
2042.16,199.076,,,,
2041.96,199.158,,,,
2041.96,199.239,,,,
2041.94,199.321,,,,
2042.05,199.402,,,,
2041.89,199.483,,,,
2041.82,199.565,,,,
2042.02,199.646,,,,
2042.02,199.73,,,,
2041.64,199.811,,,,
2042.57,199.892,,,,
2042.36,199.973,,,,
2042.63,200.054,,,,
2041.85,200.136,,,,
2041.85,200.217,,,,
2042.08,200.298,,,,
2041.81,200.382,,,,
2041.86,200.464,,,,
2041.74,200.545,,,,
2041.68,200.626,,,,
2041.68,200.708,,,,
2041.74,200.788,,,,
2041.47,200.869,,,,
2041.61,200.951,,,,
2041.57,201.035,,,,
2041.83,201.116,,,,
2041.83,201.197,,,,
2041.83,201.279,,,,
2041.86,201.36,,,,
2041.9,201.441,,,,
2041.91,201.523,,,,
2041.99,201.604,,,,
2041.82,201.688,,,,
2041.82,201.768,,,,
2041.78,201.85,,,,
2041.71,201.931,,,,
2041.67,202.012,,,,
2041.72,202.094,,,,
2041.69,202.175,,,,
2041.69,202.256,,,,
2041.84,202.34,,,,
2041.91,202.422,,,,
2041.72,202.503,,,,
2041.82,202.584,,,,
2041.63,202.665,,,,
2041.63,202.746,,,,
2041.79,202.827,,,,
2041.83,202.909,,,,
2041.98,202.993,,,,
2041.82,203.074,,,,
2041.8,203.156,,,,
2041.8,203.237,,,,
2041.67,203.318,,,,
2041.72,203.4,,,,
2041.76,203.481,,,,
2041.76,203.563,,,,
2041.76,203.645,,,,
2041.76,203.727,,,,
2041.87,203.808,,,,
2041.67,203.89,,,,
2041.8,203.971,,,,
2041.84,204.052,,,,
2041.71,204.134,,,,
2041.71,204.215,,,,
2041.8,204.299,,,,
2041.71,204.38,,,,
2042.01,204.462,,,,
2042.12,204.542,,,,
2042.12,204.623,,,,
2042.12,204.705,,,,
2042.11,204.786,,,,
2041.95,204.868,,,,
2041.75,204.949,,,,
2041.91,205.033,,,,
2042.04,205.114,,,,
2042.04,205.196,,,,
2042.04,205.277,,,,
2041.82,205.358,,,,
2042.02,205.44,,,,
2041.77,205.52,,,,
2041.79,205.602,,,,
2041.79,205.685,,,,
2041.76,205.767,,,,
2041.63,205.848,,,,
2041.63,205.929,,,,
2041.84,206.011,,,,
2041.84,206.092,,,,
2041.84,206.174,,,,
2041.83,206.255,,,,
2041.74,206.339,,,,
2041.93,206.419,,,,
2041.81,206.5,,,,
2041.72,206.582,,,,
2041.72,206.663,,,,
2041.89,206.745,,,,
2041.68,206.826,,,,
2041.64,206.907,,,,
2041.88,206.991,,,,
2041.83,207.073,,,,
2041.79,207.154,,,,
2041.79,207.235,,,,
2041.89,207.316,,,,
2041.92,207.397,,,,
2041.91,207.478,,,,
2042.04,207.56,,,,
2041.65,207.643,,,,
2041.65,207.725,,,,
2042.11,207.806,,,,
2041.94,207.887,,,,
2041.66,207.969,,,,
2041.91,208.05,,,,
2041.81,208.132,,,,
2041.81,208.212,,,,
2041.89,208.293,,,,
2042.04,208.377,,,,
2041.9,208.459,,,,
2042.03,208.54,,,,
2042.02,208.621,,,,
2042.02,208.703,,,,
2042.03,208.784,,,,
2042.03,208.865,,,,
2041.8,208.947,,,,
2041.69,209.031,,,,
2041.94,209.112,,,,
2041.94,209.193,,,,
2041.92,209.274,,,,
2041.54,209.355,,,,
2041.78,209.437,,,,
2041.92,209.518,,,,
2041.95,209.6,,,,
2041.95,209.684,,,,
2041.9,209.765,,,,
2041.98,209.846,,,,
2041.7,209.928,,,,
2041.76,210.009,,,,
2041.7,210.091,,,,
2041.7,210.171,,,,
2041.57,210.252,,,,
2041.81,210.336,,,,
2041.99,210.418,,,,
2041.97,210.499,,,,
2042.14,210.581,,,,
2042.14,210.662,,,,
2042.04,210.743,,,,
2042.05,210.825,,,,
2041.94,210.906,,,,
2042.02,210.99,,,,
2041.8,211.072,,,,
2041.8,211.152,,,,
2042.18,211.233,,,,
2042.07,211.315,,,,
2041.99,211.396,,,,
2041.75,211.478,,,,
2041.81,211.562,,,,
2041.81,211.643,,,,
2041.8,211.725,,,,
2042.08,211.806,,,,
2041.94,211.887,,,,
2041.86,211.969,,,,
2041.72,212.049,,,,
2041.72,212.131,,,,
2041.77,212.215,,,,
2041.78,212.323,,,,
2041.59,212.43,,,,
2041.95,212.538,,,,
2041.88,212.645,,,,
2042.06,212.753,,,,
2041.86,212.86,,,,
2041.72,212.968,,,,
2041.79,213.08,,,,
2041.93,213.185,,,,
2042.04,213.292,,,,
2041.97,213.398,,,,
2041.93,213.504,,,,
2042.28,213.61,,,,
2042.07,213.715,,,,
2042.12,213.822,,,,
2041.96,213.971,,,,
2041.97,214.052,,,,
2041.98,214.134,,,,
2041.84,214.215,,,,
2042.17,214.297,,,,
2042.17,214.378,,,,
2042.13,214.46,,,,
2042.03,214.541,,,,
2041.86,214.625,,,,
2042.11,214.706,,,,
2041.86,214.788,,,,
2041.84,214.868,,,,
2041.84,214.95,,,,
2041.84,215.031,,,,
2041.99,215.113,,,,
2041.94,215.194,,,,
2041.8,215.278,,,,
2041.66,215.359,,,,
2041.66,215.441,,,,
2042.1,215.522,,,,
2042.02,215.603,,,,
2041.88,215.685,,,,
2042.18,215.766,,,,
2042.04,215.847,,,,
2042.04,215.931,,,,
2041.76,216.012,,,,
2041.7,216.093,,,,
2041.8,216.175,,,,
2041.69,216.256,,,,
2041.6,216.338,,,,
2041.6,216.419,,,,
2042,216.5,,,,
2041.82,216.584,,,,
2042.05,216.666,,,,
2041.86,216.747,,,,
2041.76,216.827,,,,
2041.76,216.909,,,,
2041.81,216.99,,,,
2041.91,217.072,,,,
2041.74,217.153,,,,
2041.81,217.237,,,,
2041.79,217.318,,,,
2041.79,217.4,,,,
2041.95,217.481,,,,
2041.79,217.563,,,,
2041.8,217.644,,,,
2041.72,217.724,,,,
2041.61,217.806,,,,
2041.61,217.89,,,,
2042.03,217.971,,,,
2041.71,218.052,,,,
2041.66,218.134,,,,
2041.76,218.215,,,,
2041.88,218.297,,,,
2041.88,218.378,,,,
2041.93,218.46,,,,
2042.11,218.543,,,,
2041.91,218.625,,,,
2042,218.705,,,,
2041.88,218.787,,,,
2041.88,218.868,,,,
2041.88,218.949,,,,
2042.02,219.031,,,,
2042.13,219.112,,,,
2042.02,219.196,,,,
2042.06,219.277,,,,
2042.06,219.359,,,,
2041.88,219.44,,,,
2042.16,219.522,,,,
2042.01,219.602,,,,
2041.84,219.683,,,,
2042.11,219.765,,,,
2042.13,219.849,,,,
2042.03,219.93,,,,
2041.9,220.011,,,,
2041.86,220.093,,,,
2041.76,220.174,,,,
2041.95,220.256,,,,
2041.82,220.337,,,,
2042.05,220.418,,,,
2042.01,220.502,,,,
2041.91,220.583,,,,
2041.95,220.664,,,,
2042.16,220.762,,,,
2042.07,220.843,,,,
2041.69,220.923,,,,
2041.69,221.005,,,,
2041.89,221.086,,,,
2042.05,221.17,,,,
2042.09,221.252,,,,
2041.84,221.333,,,,
2041.87,221.414,,,,
2041.87,221.496,,,,
2041.81,221.577,,,,
2041.78,221.659,,,,
2041.76,221.74,,,,
2041.99,221.824,,,,
2042.07,221.97,,,,
2041.94,222.06,,,,
2041.92,222.142,,,,
2041.72,222.223,,,,
2042.15,222.304,,,,
2042.15,222.386,,,,
2041.89,222.467,,,,
2041.97,222.551,,,,
2041.81,222.631,,,,
2041.72,222.713,,,,
2041.91,222.794,,,,
2042.02,222.876,,,,
2042.05,222.957,,,,
2041.81,223.039,,,,
2041.76,223.12,,,,
2041.74,223.204,,,,
2042.03,223.292,,,,
2041.74,223.374,,,,
2041.74,223.455,,,,
2041.75,223.537,,,,
2041.86,223.618,,,,
2042.04,223.699,,,,
2042,223.78,,,,
2042.15,223.864,,,,
2042.15,223.945,,,,
2041.95,224.027,,,,
2041.72,224.108,,,,
2041.82,224.189,,,,
2041.84,224.271,,,,
2041.81,224.352,,,,
2041.81,224.434,,,,
2041.81,224.525,,,,
2041.84,224.606,,,,
2041.93,224.688,,,,
2041.84,224.769,,,,
2041.66,224.85,,,,
2041.81,224.931,,,,
2041.81,225.012,,,,
2041.92,225.094,,,,
2042.02,225.178,,,,
2041.58,225.259,,,,
2041.82,225.341,,,,
2042.43,225.422,,,,
2042.43,225.503,,,,
2041.95,225.585,,,,
2042.02,225.666,,,,
2041.89,225.747,,,,
2042.19,225.839,,,,
2042.04,225.92,,,,
2042.17,226.001,,,,
2042.2,226.082,,,,
2042.15,226.164,,,,
2042.02,226.245,,,,
2041.74,226.326,,,,
2041.86,226.408,,,,
2042.51,226.492,,,,
2042.51,226.573,,,,
2042.51,226.655,,,,
2042.17,226.736,,,,
2042.03,226.818,,,,
2042.18,226.898,,,,
2042.22,226.98,,,,
2042.22,227.069,,,,
2042.11,227.153,,,,
2042.07,227.234,,,,
2042.15,227.315,,,,
2042.07,227.397,,,,
2042.21,227.478,,,,
2042.21,227.56,,,,
2042.19,227.641,,,,
2042.09,227.723,,,,
2042.03,227.807,,,,
2042.05,227.888,,,,
2041.98,227.969,,,,
2041.98,228.05,,,,
2041.94,228.131,,,,
2042.17,228.213,,,,
2042.22,228.301,,,,
2042.09,228.383,,,,
2041.99,228.467,,,,
2042.02,228.548,,,,
2042.02,228.63,,,,
2041.9,228.711,,,,
2041.84,228.793,,,,
2041.86,228.874,,,,
2041.87,228.956,,,,
2041.94,229.037,,,,
2041.94,229.121,,,,
2042.04,229.202,,,,
2042.13,229.283,,,,
2042.07,229.364,,,,
2042.12,229.446,,,,
2041.93,229.534,,,,
2041.99,229.616,,,,
2041.99,229.697,,,,
2041.99,229.781,,,,
2042.12,229.863,,,,
2042.2,229.944,,,,
2042.09,230.026,,,,
2042.19,230.107,,,,
2042.19,230.188,,,,
2042.15,230.269,,,,
2042.01,230.35,,,,
2041.99,230.434,,,,
2042.29,230.516,,,,
2041.96,230.597,,,,
2041.96,230.678,,,,
2042.27,230.768,,,,
2042.15,230.85,,,,
2041.82,230.931,,,,
2041.93,231.013,,,,
2041.96,231.097,,,,
2041.96,231.178,,,,
2041.96,231.26,,,,
2041.99,231.341,,,,
2042.26,231.421,,,,
2042.26,231.503,,,,
2042.27,231.584,,,,
2042.01,231.666,,,,
2042.01,231.75,,,,
2041.98,231.831,,,,
2041.86,231.913,,,,
2041.86,232.002,,,,
2042.05,232.083,,,,
2041.84,232.165,,,,
2041.84,232.246,,,,
2041.85,232.328,,,,
2042.22,232.412,,,,
2041.96,232.493,,,,
2041.94,232.574,,,,
2041.87,232.655,,,,
2041.87,232.737,,,,
2041.83,232.818,,,,
2041.81,232.9,,,,
2041.9,232.984,,,,
2041.78,233.065,,,,
2041.96,233.146,,,,
2042.28,233.235,,,,
2042.28,233.317,,,,
2042.31,233.398,,,,
2042.11,233.48,,,,
2041.96,233.561,,,,
2042.05,233.645,,,,
2042.22,233.726,,,,
2042.22,233.807,,,,
2041.94,233.889,,,,
2041.69,233.97,,,,
2042.04,234.052,,,,
2042.04,234.133,,,,
2041.94,234.215,,,,
2041.94,234.299,,,,
2042.13,234.38,,,,
2042.06,234.469,,,,
2041.92,234.55,,,,
2041.91,234.632,,,,
2041.88,234.713,,,,
2041.93,234.793,,,,
2041.93,234.875,,,,
2041.78,234.968,,,,
2041.84,235.048,,,,
2042.02,235.13,,,,
2042.12,235.211,,,,
2041.99,235.293,,,,
2041.92,235.374,,,,
2041.92,235.456,,,,
2042.19,235.537,,,,
2042.3,235.627,,,,
2041.93,235.709,,,,
2042.02,235.79,,,,
2042.2,235.872,,,,
2042.2,235.953,,,,
2042,236.035,,,,
2042.13,236.115,,,,
2042.03,236.199,,,,
2042.02,236.281,,,,
2042.12,236.362,,,,
2042.12,236.444,,,,
2042.08,236.525,,,,
2042.05,236.607,,,,
2042.11,236.688,,,,
2042.34,236.77,,,,
2042.03,236.861,,,,
2042,236.942,,,,
2042,237.024,,,,
2041.96,237.105,,,,
2041.73,237.187,,,,
2042.28,237.267,,,,
2042.06,237.349,,,,
2042.06,237.43,,,,
2042.06,237.514,,,,
2042.1,237.596,,,,
2042.06,237.677,,,,
2042.08,237.759,,,,
2042.08,237.84,,,,
2042.01,237.922,,,,
2042.01,238.003,,,,
2042.37,238.092,,,,
2042.24,238.176,,,,
2041.98,238.257,,,,
2041.97,238.339,,,,
2042.03,238.419,,,,
2042.11,238.501,,,,
2042.11,238.582,,,,
2041.94,238.664,,,,
2041.92,238.748,,,,
2042.06,238.829,,,,
2042.01,238.911,,,,
2041.86,238.992,,,,
2041.86,239.074,,,,
2042.18,239.155,,,,
2042.05,239.237,,,,
2042.18,239.327,,,,
2042.13,239.411,,,,
2041.98,239.492,,,,
2042.11,239.574,,,,
2042.11,239.654,,,,
2041.92,239.736,,,,
2042,239.817,,,,
2041.93,239.899,,,,
2041.89,239.98,,,,
2041.65,240.064,,,,
2041.65,240.146,,,,
2041.69,240.227,,,,
2041.9,240.308,,,,
2041.97,240.39,,,,
2041.92,240.471,,,,
2042.05,240.56,,,,
2042.05,240.642,,,,
2042.04,240.726,,,,
2041.88,240.806,,,,
2042.14,240.888,,,,
2041.69,240.969,,,,
2042.07,241.051,,,,
2042.07,241.132,,,,
2042.05,241.214,,,,
2042.08,241.298,,,,
2042.22,241.379,,,,
2042.14,241.46,,,,
2042.26,241.542,,,,
2042.19,241.623,,,,
2042.19,241.704,,,,
2042.05,241.794,,,,
2041.97,241.874,,,,
2042.26,241.958,,,,
2042.12,242.039,,,,
2042.28,242.121,,,,
2042.28,242.202,,,,
2042.27,242.284,,,,
2042.17,242.365,,,,
2042.11,242.447,,,,
2041.97,242.528,,,,
2042.58,242.612,,,,
2042.58,242.694,,,,
2042.38,242.775,,,,
2042.43,242.856,,,,
2042.32,242.937,,,,
2042.34,243.026,,,,
2042.32,243.108,,,,
2042.11,243.189,,,,
2042.11,243.273,,,,
2042.05,243.355,,,,
2042.18,243.436,,,,
2042,243.518,,,,
2042.12,243.599,,,,
2041.98,243.681,,,,
2041.98,243.762,,,,
2042.09,243.844,,,,
2041.99,243.928,,,,
2042.33,244.008,,,,
2041.97,244.09,,,,
2042.23,244.171,,,,
2042.19,244.26,,,,
2042.19,244.342,,,,
2042.21,244.423,,,,
2042.07,244.505,,,,
2041.97,244.589,,,,
2042.18,244.67,,,,
2042.05,244.752,,,,
2042.05,244.833,,,,
2041.96,244.915,,,,
2042.25,244.996,,,,
2042,245.078,,,,
2041.99,245.161,,,,
2042.02,245.242,,,,
2042.02,245.324,,,,
2041.97,245.405,,,,
2042.13,245.494,,,,
2042.06,245.576,,,,
2041.99,245.657,,,,
2042,245.739,,,,
2042.06,245.823,,,,
2042.06,245.904,,,,
2042.08,245.986,,,,
2042.15,246.067,,,,
2042.53,246.149,,,,
2042.07,246.23,,,,
2042.1,246.311,,,,
2042.1,246.392,,,,
2041.99,246.476,,,,
2042.24,246.558,,,,
2042.1,246.639,,,,
2042.1,246.728,,,,
2042.15,246.81,,,,
2042.15,246.891,,,,
2042.13,246.973,,,,
2042.14,247.054,,,,
2042.03,247.138,,,,
2042.09,247.22,,,,
2042.12,247.301,,,,
2042.16,247.383,,,,
2042.16,247.463,,,,
2041.98,247.545,,,,
2041.96,247.626,,,,
2042,247.71,,,,
2042.2,247.792,,,,
2041.93,247.873,,,,
2041.93,247.963,,,,
2042.04,248.045,,,,
2041.79,248.126,,,,
2042.13,248.208,,,,
2042.06,248.289,,,,
2041.88,248.373,,,,
2041.88,248.455,,,,
2041.97,248.536,,,,
2042,248.617,,,,
2042.13,248.698,,,,
2042.18,248.78,,,,
2041.91,248.861,,,,
2041.91,248.943,,,,
2042.03,249.027,,,,
2041.98,249.109,,,,
2042.15,249.197,,,,
2042.18,249.279,,,,
2042.07,249.36,,,,
2041.85,249.442,,,,
2041.85,249.523,,,,
2042.12,249.605,,,,
2041.89,249.689,,,,
2042.01,249.769,,,,
2041.94,249.851,,,,
2041.9,249.932,,,,
2041.9,250.014,,,,
2041.99,250.095,,,,
2041.91,250.177,,,,
2041.89,250.261,,,,
2041.6,250.342,,,,
2041.97,250.431,,,,
2041.94,250.513,,,,
2041.94,250.594,,,,
2041.97,250.676,,,,
2041.99,250.757,,,,
2041.86,250.839,,,,
2041.8,250.923,,,,
2041.88,251.003,,,,
2041.88,251.085,,,,
2041.92,251.166,,,,
2041.98,251.248,,,,
2042.21,251.329,,,,
2042.02,251.411,,,,
2042.07,251.492,,,,
2042.07,251.576,,,,
2042,251.664,,,,
2041.87,251.746,,,,
2042.23,251.827,,,,
2042.12,251.909,,,,
2042.04,251.99,,,,
2042.02,252.071,,,,
2042.02,252.152,,,,
2041.97,252.236,,,,
2042.24,252.318,,,,
2042.13,252.399,,,,
2042.22,252.481,,,,
2042.16,252.562,,,,
2042.16,252.644,,,,
2042.15,252.725,,,,
2042.06,252.809,,,,
2042.02,252.898,,,,
2042.1,252.98,,,,
2042.04,253.061,,,,
2042.04,253.143,,,,
2041.84,253.223,,,,
2042.15,253.305,,,,
2042.08,253.386,,,,
2042.15,253.47,,,,
2041.81,253.552,,,,
2041.9,253.633,,,,
2041.9,253.715,,,,
2041.92,253.796,,,,
2042.18,253.878,,,,
2042.01,253.959,,,,
2041.92,254.041,,,,
2041.85,254.132,,,,
2041.85,254.214,,,,
2042.12,254.295,,,,
2042.03,254.376,,,,
2042.16,254.457,,,,
2042.08,254.539,,,,
2041.97,254.62,,,,
2041.97,254.702,,,,
2042.16,254.786,,,,
2042.03,254.867,,,,
2042.16,254.949,,,,
2042.05,255.03,,,,
2041.99,255.112,,,,
2041.99,255.193,,,,
2042.09,255.275,,,,
2041.98,255.377,,,,
2042.02,255.459,,,,
2042.03,255.54,,,,
2041.97,255.622,,,,
2041.94,255.703,,,,
2042.09,255.784,,,,
2042.09,255.865,,,,
2042.1,255.947,,,,
2042.06,256.031,,,,
2041.99,256.113,,,,
2041.91,256.194,,,,
2042.13,256.276,,,,
2042.13,256.357,,,,
2042.14,256.439,,,,
2041.87,256.52,,,,
2042.05,256.61,,,,
2042.09,256.694,,,,
2042.06,256.776,,,,
2041.79,256.857,,,,
2041.79,256.939,,,,
2042.03,257.019,,,,
2042.03,257.101,,,,
2041.95,257.182,,,,
2041.99,257.264,,,,
2041.99,257.348,,,,
2041.99,257.429,,,,
2042.04,257.511,,,,
2042.02,257.592,,,,
2041.95,257.674,,,,
2042,257.755,,,,
2041.89,257.844,,,,
2041.89,257.925,,,,
2041.76,258.009,,,,
2042.16,258.091,,,,
2042.37,258.171,,,,
2042.13,258.253,,,,
2042.32,258.334,,,,
2042.32,258.416,,,,
2042.29,258.497,,,,
2042.39,258.579,,,,
2042.41,258.663,,,,
2042.36,258.744,,,,
2042.25,258.826,,,,
2042.18,258.907,,,,
2042.18,258.989,,,,
2042.03,259.078,,,,
2042.27,259.159,,,,
2042.03,259.243,,,,
2041.91,259.324,,,,
2042.02,259.405,,,,
2042.02,259.487,,,,
2041.95,259.568,,,,
2041.97,259.65,,,,
2041.93,259.731,,,,
2041.91,259.813,,,,
2041.79,259.897,,,,
2041.79,259.978,,,,
2041.93,260.06,,,,
2041.79,260.141,,,,
2042.16,260.221,,,,
2042.03,260.311,,,,
2042.14,260.392,,,,
2041.89,260.473,,,,
2041.89,260.557,,,,
2041.89,260.638,,,,
2042.05,260.72,,,,
2041.89,260.801,,,,
2042.06,260.883,,,,
2042.16,260.964,,,,
2042.16,261.046,,,,
2041.89,261.127,,,,
2041.68,261.211,,,,
2042.23,261.292,,,,
2042.11,261.373,,,,
2042.18,261.454,,,,
2042.09,261.543,,,,
2042.09,261.624,,,,
2042,261.706,,,,
2041.75,261.787,,,,
2042,261.871,,,,
2042.5,261.952,,,,
2042.14,262.034,,,,
2042.14,262.115,,,,
2042.16,262.197,,,,
2042.16,262.278,,,,
2041.95,262.36,,,,
2041.89,262.44,,,,
2042.02,262.524,,,,
2042.02,262.605,,,,
2042.23,262.687,,,,
2042.2,262.776,,,,
2042.1,262.857,,,,
2042.22,262.938,,,,
2042.13,263.02,,,,
2042.13,263.101,,,,
2042.12,263.185,,,,
2042.17,263.266,,,,
2042.03,263.348,,,,
2042.03,263.429,,,,
2042.13,263.51,,,,
2042.13,263.591,,,,
2041.98,263.672,,,,
2042.07,263.754,,,,
2042.06,263.837,,,,
2042.29,263.919,,,,
2042.05,264.008,,,,
2041.97,264.09,,,,
2041.97,264.171,,,,
2042.12,264.253,,,,
2042.09,264.334,,,,
2042.17,264.415,,,,
2041.98,264.497,,,,
2041.91,264.581,,,,
2041.91,264.662,,,,
2041.86,264.742,,,,
2041.79,264.823,,,,
2041.83,264.905,,,,
2042.17,264.986,,,,
2042,265.067,,,,
2042,265.149,,,,
2042,265.24,,,,
2041.74,265.321,,,,
2042.21,265.403,,,,
2041.97,265.484,,,,
2042.03,265.565,,,,
2041.9,265.647,,,,
2041.9,265.728,,,,
2041.93,265.808,,,,
2042.07,265.892,,,,
2042.17,265.974,,,,
2042.21,266.055,,,,
2042.16,266.137,,,,
2042.16,266.218,,,,
2042.18,266.3,,,,
2042.4,266.381,,,,
2042.57,266.47,,,,
2042.4,266.554,,,,
2042.6,266.635,,,,
2042.6,266.717,,,,
2042.37,266.798,,,,
2042.47,266.878,,,,
2042.52,266.96,,,,
2042.56,267.041,,,,
2042.46,267.122,,,,
2042.46,267.204,,,,
2042.55,267.288,,,,
2042.42,267.369,,,,
2042.47,267.451,,,,
2042.46,267.532,,,,
2042.51,267.613,,,,
2042.4,267.701,,,,
