Altitude [m],Time [s]
2039.61,0.668
2038.95,0.752
2038.91,0.831
2039.09,0.91
2039.09,0.989
2039.06,1.067
2039.11,1.145
2038.76,1.224
2038.97,1.303
2038.97,1.384
2038.97,1.463
2039.13,1.542
2038.72,1.62
2038.87,1.699
2038.87,1.777
2038.85,1.856
2039.06,1.935
2039.21,2.016
2039.09,2.095
2039.08,2.173
2039.08,2.252
2039.12,2.331
2039.6,2.409
2039.41,2.488
2039.79,2.567
2039.79,2.648
2039.45,2.726
2039.23,2.805
2039.42,2.884
2039.39,2.963
2039.55,3.041
2039.55,3.12
2039.7,3.198
2039.65,3.277
2039.65,3.358
2040.01,3.437
2040.01,3.516
2039.82,3.595
2039.89,3.674
2039.76,3.752
2039.71,3.83
2039.82,3.909
2039.82,3.991
2040.09,4.069
2039.95,4.148
2039.81,4.227
2039.53,4.305
2039.53,4.384
2040.01,4.463
2039.71,4.542
2040.02,4.623
2040.07,4.702
2039.57,4.781
2039.57,4.858
2039.71,4.937
2039.82,5.016
2039.83,5.095
2039.8,5.173
2039.8,5.255
2039.87,5.334
2039.64,5.411
2039.84,5.49
2039.77,5.569
2039.74,5.648
2039.74,5.727
2039.81,5.805
2039.62,5.883
2039.8,5.964
2039.71,6.043
2039.71,6.122
2039.53,6.201
2039.59,6.28
2039.85,6.358
2039.81,6.436
2039.81,6.515
2039.8,6.596
2039.94,6.675
2039.85,6.754
2039.7,6.833
2039.79,6.91
2039.79,6.989
2040.01,7.068
2039.79,7.147
2039.8,7.225
2039.63,7.307
2039.63,7.385
2039.28,7.463
2039.53,7.542
2039.69,7.621
2039.48,7.7
2039.73,7.778
2039.73,7.857
2039.6,7.938
2039.53,8.016
2039.71,8.095
2039.45,8.174
2039.45,8.253
2039.61,8.331
2039.47,8.41
2039.65,8.488
2039.56,8.569
2039.65,8.648
2039.65,8.727
2039.49,8.806
2039.59,8.885
2039.62,8.963
2039.67,9.041
2039.67,9.12
2039.66,9.199
2039.59,9.28
2039.5,9.359
2039.75,9.438
2039.58,9.516
2039.58,9.594
2039.45,9.673
2039.72,9.752
2039.62,9.831
2039.63,9.912
2039.63,9.991
2039.7,10.068
2039.85,10.147
2039.62,10.226
2039.57,10.305
2039.57,10.384
2039.67,10.462
2039.83,10.541
2039.67,10.622
2039.72,10.7
2039.53,10.779
2039.53,10.858
2039.62,10.937
2039.57,11.016
2039.6,11.095
2039.43,11.172
2039.43,11.254
2039.36,11.333
2039.46,11.411
2039.55,11.49
2039.52,11.569
2039.64,11.648
2039.64,11.726
2039.75,11.805
2039.93,11.886
2039.58,11.965
2039.66,12.044
2039.66,12.122
2039.83,12.2
2039.52,12.279
2039.59,12.358
2039.83,12.436
2039.39,12.515
2039.39,12.597
2039.53,12.675
2039.57,12.753
2039.47,12.832
2039.24,12.911
2039.24,12.99
2039.84,13.069
2039.2,13.147
2039.56,13.229
2039.61,13.307
2039.68,13.385
2039.68,13.464
2039.63,13.543
2039.79,13.622
2039.63,13.701
2039.52,13.779
2039.52,13.86
2039.69,13.939
2039.53,14.018
2039.51,14.096
2039.72,14.175
2039.8,14.254
2039.8,14.332
2039.62,14.411
2039.66,14.492
2039.52,14.571
2039.57,14.649
2039.57,14.728
2039.51,14.807
2039.81,14.885
2039.9,14.964
2039.63,15.043
2039.63,15.121
2039.52,15.203
2039.38,15.282
2039.51,15.36
2039.65,15.438
2039.71,15.517
2039.71,15.596
2039.63,15.675
2039.85,15.753
2039.58,15.835
2039.63,15.912
2039.63,15.991
2039.44,16.07
2039.43,16.149
2039.5,16.228
2039.43,16.307
2039.6,16.385
2039.6,16.466
2039.75,16.545
2039.77,16.623
2039.91,16.702
2039.92,16.781
2039.92,16.86
2039.49,16.939
2039.91,17.017
2039.8,17.095
2039.76,17.177
2039.71,17.256
2039.71,17.334
2039.63,17.413
2039.8,17.491
2039.91,17.57
2039.52,17.649
2039.52,17.728
2039.93,17.809
2039.37,17.888
2039.52,17.967
2039.47,18.045
2039.43,18.124
2039.43,18.203
2039.1,18.282
2039.31,18.36
2039.28,18.442
2039.12,18.521
2039.12,18.599
2038.94,18.677
2039.03,18.756
2039,18.835
2039.06,18.914
2038.8,18.993
2038.8,19.074
2038.9,19.152
2038.71,19.231
2038.48,19.31
2038.48,19.389
2038.48,19.468
2038.27,19.546
2038.38,19.624
2038.43,19.706
2038.34,19.785
2038.23,19.863
2038.23,19.942
2038.34,20.021
2038.36,20.1
2038.28,20.178
2038.08,20.257
2038.08,20.338
2038.28,20.417
2038.26,20.496
2038.4,20.575
2038.39,20.654
2038.49,20.732
2038.49,20.811
2038.18,20.89
2038.29,20.971
2038.23,21.05
2038.32,21.129
2038.32,21.208
2038.62,21.286
2038.45,21.365
2038.69,21.444
2038.57,21.523
2038.36,21.612
2038.36,21.693
2038.3,21.775
2038.41,21.856
2038.5,21.937
2038.66,22.019
2038.61,22.099
2038.68,22.18
2038.68,22.264
2038.45,22.345
2038.38,22.427
2038.74,22.508
2038.56,22.589
2038.39,22.671
2038.39,22.752
2038.62,22.833
2038.65,22.917
2038.42,22.998
2038.32,23.079
2038.38,23.16
2038.38,23.241
2038.37,23.323
2038.07,23.404
2038.37,23.485
2038.23,23.569
2038.12,23.65
2038.39,23.732
2038.39,23.813
2038.6,23.894
2038.4,23.975
2038.38,24.056
2038.36,24.14
2038.25,24.221
2038.25,24.302
2038.35,24.384
2038.51,24.465
2038.38,24.546
2038.42,24.627
2038.4,24.709
2038.31,24.793
2038.35,24.873
2038.19,24.954
2038.37,25.035
2038.53,25.117
2038.28,25.198
2038.58,25.279
2038.58,25.361
2038.35,25.444
2038.3,25.526
2038.37,25.607
2038.33,25.688
2038.5,25.769
2038.5,25.85
2038.47,25.931
2038.55,26.012
2038.66,26.113
2038.58,26.193
2038.74,26.274
2038.83,26.356
2038.67,26.437
2038.67,26.518
2038.41,26.599
2038.52,26.681
2038.46,26.765
2038.83,26.846
2038.59,26.927
2038.59,27.009
2038.49,27.089
2038.38,27.17
2038.3,27.252
2038.49,27.34
2038.63,27.424
2038.35,27.505
2038.35,27.586
2038.46,27.668
2038.25,27.749
2038.3,27.83
2038.39,27.912
2038.48,27.993
2038.48,28.077
2038.15,28.157
2038.44,28.238
2038.53,28.32
2038.52,28.401
2038.71,28.482
2038.71,28.571
2038.71,28.652
2038.36,28.736
2038.59,28.817
2038.73,28.899
2038.43,28.98
2038.47,29.061
2038.47,29.143
2038.42,29.223
2038.37,29.307
2038.19,29.388
2038.47,29.469
2038.07,29.551
2038.17,29.632
2038.17,29.713
2038.19,29.802
2038.17,29.883
2038.23,29.967
2038.19,30.048
2038.01,30.13
2038.28,30.211
2038.28,30.291
2038.32,30.373
2038.25,30.454
2038.29,30.535
2038.2,30.619
2038.43,30.7
2038.43,30.782
2038.61,30.863
2038.22,30.944
2038.57,31.033
2038.2,31.114
2038.52,31.195
2038.32,31.279
2038.32,31.36
2038.51,31.441
2038.38,31.522
2038.63,31.603
2038.49,31.685
2038.32,31.766
2038.32,31.847
2038.38,31.931
2038.23,32.013
2038.19,32.094
2038.19,32.175
2038.3,32.265
2038.32,32.346
2038.32,32.427
2038.37,32.508
2038.33,32.591
2038.44,32.673
2038.28,32.754
2038.27,32.835
2038.25,32.917
2038.25,32.998
2038.37,33.079
2038.2,33.161
2038.18,33.245
2038.35,33.326
2038.19,33.406
2038.42,33.496
2038.49,33.576
2038.35,33.657
2038.47,33.739
2038.64,33.82
2038.27,33.904
2038.51,33.985
2038.51,34.066
2038.24,34.148
2038.26,34.229
2038.41,34.31
2038.19,34.392
2038.53,34.475
2038.53,34.556
2038.34,34.637
2038.43,34.726
2038.13,34.807
2038.2,34.888
2038.46,34.97
2038.23,35.051
2038.23,35.135
2038.37,35.216
2038.21,35.297
2038.25,35.379
2038.08,35.46
2038.06,35.54
2038.06,35.622
2038.13,35.703
2038.29,35.787
2038.15,35.868
2038.12,35.957
2038.37,36.038
2038.44,36.119
2038.44,36.2
2038.28,36.282
2038.17,36.363
2038.65,36.447
2038.38,36.528
2038.18,36.61
2038.14,36.69
2038.14,36.771
2038.36,36.853
2038.3,36.934
2038.44,37.015
2038.35,37.099
2038.21,37.187
2038.32,37.269
2038.32,37.35
2038.31,37.431
2038.26,37.513
2038.14,37.594
2038.24,37.675
2038.19,37.758
2038.19,37.84
2038.36,37.921
2038.14,38.002
2038.35,38.083
2038.07,38.165
2038.38,38.246
2038.38,38.327
2038.15,38.418
2038.17,38.5
2038.4,38.581
2038.19,38.662
2038.23,38.744
2038.21,38.824
2038.21,38.905
2038.3,38.987
2038.42,39.07
2038.31,39.152
2038.27,39.233
2038.55,39.314
2038.51,39.396
2038.51,39.477
2038.31,39.558
2038.31,39.65
2038.52,39.732
2038.31,39.813
2038.17,39.894
2038.27,39.975
2038.24,40.056
2038.37,40.137
2038.58,40.219
2038.22,40.302
2038.26,40.384
2038.1,40.465
2038.1,40.546
2038.17,40.628
2038.26,40.709
2038.18,40.79
2038.32,40.871
2038.4,40.962
2038.07,41.042
2038.07,41.123
2038,41.204
2038.09,41.286
2037.95,41.367
2038.13,41.448
2038.12,41.53
2038.12,41.613
2038.21,41.695
2038.07,41.776
2038.12,41.857
2037.91,41.938
2037.96,42.019
2037.96,42.1
2037.85,42.189
2038.06,42.28
2038,42.361
2038.13,42.443
2037.88,42.524
2037.73,42.605
2037.92,42.687
2037.92,42.768
2037.71,42.85
2037.58,42.933
2037.49,43.015
2037.52,43.096
2037.45,43.176
2037.45,43.258
2037.87,43.347
2037.61,43.428
2037.72,43.509
2037.61,43.593
2037.57,43.675
2037.55,43.756
2037.55,43.837
2037.67,43.918
2037.54,44
2037.71,44.081
2037.72,44.162
2037.68,44.246
2037.72,44.327
2037.65,44.408
2037.65,44.489
2037.55,44.578
2037.55,44.659
2037.55,44.74
2037.45,44.822
2037.45,44.901
2037.24,44.982
2037.14,45.063
2037.21,45.145
2037.06,45.225
2037.04,45.306
2037.04,45.388
2036.89,45.471
2037.16,45.553
2037.22,45.634
2036.93,45.715
2037.11,45.804
2037.13,45.885
2037.13,45.967
2036.96,46.048
2036.93,46.132
2037.16,46.213
2037,46.294
2036.83,46.375
2036.99,46.456
2036.99,46.537
2036.55,46.618
2036.67,46.7
2036.41,46.784
2036.23,46.865
2035.89,46.946
2035.66,47.035
2035.66,47.117
2035.75,47.198
2035.83,47.279
2035.7,47.361
2035.69,47.444
2035.34,47.525
2035.34,47.606
2035.44,47.688
2034.98,47.769
2034.8,47.85
2034.77,47.931
2034.73,48.013
2034.73,48.097
2034.34,48.178
2034.17,48.266
2033.91,48.348
2033.85,48.429
2033.96,48.509
2033.9,48.59
2033.9,48.672
2033.62,48.756
2033.73,48.837
2033.55,48.918
2033.55,48.999
2033.68,49.081
2033.49,49.162
2033.52,49.243
2033.48,49.325
2033.97,49.408
2033.89,49.499
2033.57,49.58
2033.73,49.66
2033.32,49.741
2033.39,49.823
2033.11,49.904
2032.86,49.985
2033.44,50.069
2033.1,50.15
2033.58,50.232
2033.58,50.313
2033.51,50.394
2034.6,50.476
2034.76,50.556
2035.23,50.637
2034.97,50.728
2035.11,50.81
2035.11,50.891
2035.51,50.972
2035.71,51.053
2035.8,51.135
2035.69,51.216
2036.73,51.297
2036.73,51.381
2036.82,51.462
2036.94,51.544
2037.79,51.624
2037.82,51.705
2038.12,51.787
2038.12,51.868
2038.42,51.949
2038.53,52.04
2038.83,52.122
2038.81,52.203
2039.11,52.284
2039.1,52.365
2039.1,52.447
2039.37,52.528
2039.14,52.609
2039.45,52.692
2039.26,52.773
2039.74,52.855
2039.64,52.936
2039.64,53.017
2039.91,53.099
2039.94,53.18
2039.99,53.271
2040.01,53.354
2040.36,53.436
2040.51,53.517
2040.51,53.598
2040.61,53.68
2040.6,53.761
2040.72,53.841
2040.95,53.923
2040.91,54.006
2040.91,54.088
2041.29,54.169
2041.27,54.25
2041.71,54.332
2041.37,54.413
2041.75,54.502
2041.87,54.583
2041.87,54.667
2042.31,54.748
2042.5,54.829
2042.72,54.91
2043.05,54.991
2043.13,55.072
2043.13,55.154
2043.4,55.235
2043.99,55.319
2044.12,55.4
2043.95,55.481
2044.39,55.563
2045.06,55.644
2045.06,55.732
2045.39,55.814
2045.78,55.895
2046.33,55.979
2046.43,56.059
2046.63,56.14
2047.2,56.221
2047.2,56.303
2047.87,56.384
2047.96,56.465
2048.41,56.547
2048.89,56.63
2049.45,56.712
2049.45,56.793
2049.63,56.873
2050.18,56.962
2050.87,57.042
2051.26,57.124
2051.79,57.205
2052.33,57.289
2052.33,57.37
2052.62,57.452
2052.96,57.533
2053.58,57.614
2053.96,57.695
2054.48,57.777
2054.48,57.858
2055.27,57.942
2055.42,58.022
2056.04,58.103
2056.73,58.192
2057.3,58.273
2057.92,58.354
2057.92,58.436
2058.43,58.517
2059.23,58.601
2059.64,58.682
2060.02,58.763
2060.71,58.845
2061.31,58.926
2061.28,59.006
2061.64,59.088
2062.3,59.169
2063,59.253
2063.25,59.334
2063.95,59.423
2063.95,59.504
2064.65,59.586
2065.15,59.667
2065.64,59.748
2066.13,59.83
2066.32,59.913
2067.23,59.995
2067.23,60.076
2067.52,60.156
2068.07,60.238
2068.58,60.319
2069.04,60.4
2069.75,60.482
2069.75,60.565
2069.99,60.654
2070.38,60.736
2071.5,60.817
2071.85,60.898
2072.01,60.98
2072.91,61.061
2072.91,61.142
2073.17,61.225
2073.64,61.307
2074.1,61.388
2074.78,61.469
2075.41,61.551
2075.66,61.632
2075.66,61.713
2076.54,61.795
2077.03,61.885
2077.35,61.967
2077.93,62.048
2078.53,62.129
2078.53,62.211
2079.12,62.291
2079.38,62.372
2079.96,62.454
2080.48,62.537
2081.05,62.619
2081.4,62.7
2081.4,62.781
2081.73,62.862
2082.32,62.944
2083.03,63.025
2083.33,63.114
2084.09,63.206
2084.62,63.287
2084.62,63.368
2085.17,63.45
2085.72,63.531
2086.11,63.612
2086.54,63.693
2087.17,63.774
2087.4,63.858
2087.4,63.939
2087.97,64.021
2088.51,64.102
2089.06,64.183
2089.36,64.265
2090.21,64.346
2090.21,64.43
2090.74,64.51
2091.37,64.591
2091.95,64.673
2092.44,64.754
2092.79,64.835
2092.79,64.916
2093.28,64.998
2093.82,65.082
2094.15,65.163
2094.94,65.244
2095.38,65.326
2095.83,65.406
2095.83,65.487
2096.82,65.568
2097.14,65.649
2097.67,65.733
2098.09,65.815
2098.67,65.896
2098.67,65.977
2099.27,66.058
2099.7,66.14
2100.19,66.221
2100.94,66.301
2101.28,66.385
2102.11,66.466
2102.11,66.548
2102.27,66.629
2103.15,66.71
2103.83,66.791
2104.16,66.873
2104.89,66.954
2104.89,67.038
2105.38,67.119
2105.96,67.2
2106.61,67.281
2106.98,67.362
2107.58,67.443
2107.58,67.525
2107.74,67.606
2108.49,67.69
2109,67.771
2109.61,67.852
2110.04,67.933
2110.8,68.015
2110.8,68.096
2111.34,68.176
2111.53,68.258
2112.17,68.341
2112.49,68.423
2113.13,68.504
2113.13,68.585
2113.88,68.666
2114.07,68.748
2114.68,68.829
2115.21,68.91
2115.66,68.994
2116.23,69.074
2116.23,69.156
2116.71,69.237
2117.3,69.318
2117.81,69.4
2118.22,69.481
2118.63,69.562
2118.63,69.646
2119.26,69.727
2119.72,69.809
2120.16,69.89
2120.55,69.97
2120.84,70.051
2120.84,70.133
2121.34,70.214
2121.74,70.298
2122.19,70.379
2122.74,70.46
2123.09,70.542
2123.32,70.623
2123.32,70.704
2124.08,70.786
2124.53,70.866
2124.92,70.95
2125.24,71.031
2125.65,71.112
2125.65,71.194
2125.9,71.275
2126.3,71.356
2126.83,71.437
2127.21,71.519
2127.8,71.603
2127.8,71.684
2128.08,71.764
2128.44,71.845
2128.96,71.927
2129.47,72.008
2128.99,72.089
2129.53,72.17
2129.53,72.254
2129.81,72.335
2129.9,72.417
2129.89,72.498
2129.7,72.579
2129.44,72.659
2129.44,72.741
2129.08,72.822
2128.95,72.906
2128.98,72.987
2128.19,73.068
2128.02,73.149
2128.02,73.23
2127.41,73.311
2126.81,73.393
2126.29,73.474
2125.99,73.558
2125.24,73.638
2124.51,73.719
2124.51,73.801
2123.81,73.882
2121.45,73.963
2121.13,74.045
2120.17,74.126
2119.2,74.21
2119.2,74.291
2118.1,74.372
2116.65,74.452
2115.55,74.534
2114.61,74.615
2112.94,74.696
2112,74.778
2112,74.861
2110.92,74.942
2110.12,75.024
2109.61,75.105
2107.78,75.186
2105.88,75.268
2105.88,75.348
2104.81,75.429
2104.31,75.513
2103.48,75.594
2102.5,75.675
2101.13,75.757
2101.13,75.838
2099.65,75.919
2098.09,76
2096.98,76.082
2096.32,76.165
2095.62,76.247
2094.23,76.327
2094.23,76.408
2092.92,76.489
2092.06,76.571
2090.92,76.652
2090.13,76.733
2089.08,76.814
2089.08,76.898
2088.25,76.979
2087.35,77.06
2086.48,77.142
2085.61,77.222
2084.58,77.303
2083.49,77.384
2083.46,77.465
2082.51,77.549
2081.41,77.63
2080.65,77.711
2079.98,77.793
2078.59,77.874
2078.59,77.955
2077.6,78.035
2076.39,78.116
2075.23,78.2
2074.03,78.281
2073.02,78.363
2073.02,78.444
2071.23,78.525
2070.46,78.606
2069.01,78.688
2068.19,78.769
2067.53,78.853
2066.2,78.934
2066.2,79.014
2065.29,79.095
2064.39,79.177
2062.68,79.258
2062.08,79.339
2060.82,79.42
2060.82,79.502
2059.77,79.585
2058.6,79.667
2057.42,79.748
2055.95,79.828
2055.23,79.909
2055.23,79.991
2054.3,80.072
2053.68,80.153
2052.31,80.237
2051.75,80.318
2050.76,80.399
2049.78,80.48
2049.78,80.562
2049.03,80.643
2047.9,80.723
2046.57,80.804
2045.55,80.888
2044.28,80.969
2038.12,0.697
2037.9,0.776
2037.89,0.857
2038.12,0.939
2037.68,1.019
2037.68,1.1
2037.76,1.184
2037.82,1.265
2037.96,1.346
2037.51,1.427
2037.49,1.509
2037.5,1.59
2037.5,1.671
2037.65,1.752
2037.65,1.836
2037.83,1.916
2037.52,1.998
2037.67,2.079
2037.67,2.16
2037.77,2.241
2037.66,2.322
2037.91,2.404
2037.73,2.487
2037.44,2.569
2037.49,2.65
2037.49,2.731
2037.46,2.811
2037.85,2.892
2037.66,2.974
2037.7,3.055
2037.84,3.136
2037.84,3.215
2037.86,3.296
2037.76,3.378
2037.92,3.459
2037.6,3.539
2038.01,3.62
2038.01,3.701
2037.98,3.783
2037.51,3.874
2037.81,3.955
2037.81,4.036
2037.83,4.118
2037.68,4.199
2037.68,4.28
2037.48,4.362
2037.68,4.443
2037.95,4.527
2037.77,4.608
2038.03,4.688
2038.03,4.769
2037.67,4.851
2037.75,4.932
2037.82,5.013
2037.59,5.094
2037.75,5.178
2037.61,5.259
2037.61,5.341
2037.66,5.422
2037.55,5.502
2037.53,5.583
2037.57,5.665
2037.57,5.746
2037.57,5.83
2037.41,5.911
2037.56,5.992
2037.26,6.074
2037.33,6.155
2037.23,6.236
2037.23,6.317
2037.37,6.398
2037.39,6.481
2037.75,6.563
2037.68,6.644
2037.52,6.725
2037.65,6.806
2037.65,6.888
2037.4,6.969
2037.35,7.05
2037.39,7.134
2037.52,7.215
2037.63,7.296
2037.63,7.377
2037.63,7.458
2037.65,7.539
2037.58,7.621
2037.62,7.702
2037.78,7.786
2037.55,7.867
2037.55,7.948
2037.62,8.03
2037.52,8.111
2037.54,8.192
2037.61,8.272
2037.45,8.354
2037.45,8.435
2037.54,8.519
2037.58,8.6
2037.64,8.681
2037.59,8.763
2037.63,8.844
2037.63,8.925
2037.48,9.006
2037.67,9.088
2037.77,9.17
2037.49,9.252
2037.52,9.333
2037.67,9.414
2037.67,9.495
2037.75,9.577
2037.75,9.658
2037.7,9.739
2037.72,9.823
2037.9,9.904
2037.9,9.986
2037.65,10.066
2037.66,10.147
2037.69,10.228
2037.66,10.31
2037.73,10.391
2037.64,10.475
2037.64,10.556
2037.65,10.637
2037.62,10.719
2037.72,10.8
2037.51,10.881
2037.62,10.962
2037.62,11.043
2037.76,11.127
2037.66,11.208
2037.8,11.289
2037.63,11.371
2037.59,11.452
2037.59,11.533
2037.93,11.615
2037.61,11.696
2037.79,11.78
2037.52,11.86
2037.53,11.941
2037.62,12.023
2037.62,12.104
2037.93,12.185
2037.73,12.267
2037.7,12.348
2037.72,12.432
2037.86,12.513
2037.86,12.594
2037.79,12.676
2037.87,12.756
2037.48,12.837
2037.55,12.919
2037.5,13
2037.89,13.084
2037.89,13.165
2037.94,13.246
2037.73,13.328
2037.72,13.409
2037.45,13.49
2037.71,13.572
2037.71,13.652
2037.58,13.736
2037.66,13.817
2037.59,13.898
2037.77,13.98
2037.75,14.061
2037.75,14.142
2037.84,14.224
2037.74,14.305
2037.67,14.389
2037.97,14.47
2037.52,14.551
2037.46,14.632
2037.46,14.713
2037.64,14.794
2037.98,14.876
2037.71,14.957
2037.63,15.041
2037.76,15.122
2037.76,15.203
2037.87,15.285
2037.77,15.366
2037.71,15.447
2037.66,15.528
2037.7,15.609
2037.96,15.693
2037.96,15.774
2037.72,15.855
2037.72,15.937
2037.51,16.018
2037.64,16.099
2037.75,16.181
2037.75,16.262
2037.92,16.346
2037.63,16.427
2037.54,16.507
2037.7,16.589
2037.66,16.67
2037.66,16.751
2037.63,16.833
2037.51,16.914
2037.62,16.998
2037.72,17.079
2037.6,17.16
2037.62,17.242
2037.62,17.323
2037.5,17.403
2037.57,17.485
2037.59,17.566
2037.72,17.65
2037.84,17.731
2037.84,17.812
2037.87,17.894
2037.77,17.975
2037.81,18.056
2037.76,18.138
2037.76,18.219
2037.76,18.302
2037.82,18.383
2038.07,18.464
2037.94,18.546
2038.05,18.627
2038.1,18.708
2038,18.79
2038,18.871
2037.88,18.955
2037.9,19.036
2037.67,19.117
2037.69,19.198
2037.83,19.279
2037.83,19.36
2037.84,19.442
2037.55,19.523
2037.61,19.607
2037.7,19.688
2037.88,19.769
2037.77,19.851
2037.77,19.932
2037.97,20.013
2037.72,20.094
2037.96,20.175
2038.01,20.259
2038.49,20.34
2038.49,20.421
2038.1,20.503
2037.72,20.584
2037.81,20.665
2038.05,20.747
2038.01,20.828
2038.01,20.912
2037.85,20.993
2037.99,21.073
2038.17,21.155
2037.85,21.236
2037.68,21.317
2037.72,21.399
2037.72,21.48
2037.83,21.564
2037.87,21.645
2037.81,21.726
2038.04,21.808
2037.96,21.889
2037.96,21.969
2037.83,22.051
2037.89,22.132
2038.01,22.216
2038.05,22.297
2037.8,22.378
2038.12,22.46
2038.12,22.541
2038.18,22.622
2038.21,22.703
2037.95,22.785
2037.84,22.868
2037.97,22.949
2037.97,23.03
2038.03,23.112
2038.15,23.193
2038.21,23.274
2037.94,23.355
2038,23.437
2038,23.521
2037.86,23.602
2038.16,23.683
2037.88,23.763
2038.29,23.854
2038.04,23.934
2037.95,24.015
2037.95,24.097
2038.1,24.18
2037.82,24.262
2037.99,24.343
2037.86,24.424
2037.86,24.505
2037.67,24.587
2037.67,24.668
2037.79,24.749
2038.09,24.84
2037.64,24.922
2037.86,25.003
2037.78,25.084
2038.01,25.165
2037.98,25.246
2037.73,25.328
2037.71,25.409
2037.84,25.493
2037.77,25.574
2037.68,25.655
2037.68,25.737
2038.02,25.818
2038.02,25.899
2037.86,25.98
2038.04,26.061
2037.58,26.145
2037.58,26.226
2037.71,26.307
2037.99,26.389
2037.98,26.47
2037.71,26.551
2037.72,26.633
2037.97,26.714
2037.97,26.798
2037.82,26.878
2038.05,26.959
2037.9,27.041
2037.94,27.122
2038.13,27.203
2038.13,27.285
2037.99,27.366
2037.9,27.45
2037.94,27.531
2037.94,27.612
2037.81,27.694
2037.81,27.774
2037.81,27.855
2037.98,27.937
2037.92,28.018
2037.81,28.102
2037.86,28.183
2037.81,28.264
2037.81,28.346
2038.05,28.427
2038.06,28.508
2037.93,28.589
2037.78,28.67
2038.01,28.754
2038.01,28.835
2038.07,28.916
2038.01,28.998
2037.9,29.079
2037.81,29.16
2037.92,29.241
2037.88,29.323
2037.81,29.407
2037.89,29.488
2037.96,29.569
2038.01,29.65
2037.75,29.731
2037.96,29.812
2037.96,29.893
2038.04,29.975
2037.9,30.059
2037.85,30.14
2038.04,30.221
2037.87,30.302
2037.87,30.384
2037.77,30.465
2037.83,30.545
2037.95,30.627
2037.85,30.711
2037.75,30.792
2037.98,30.873
2037.98,30.955
2037.81,31.036
2038.05,31.117
2037.84,31.198
2038.02,31.28
2037.69,31.364
2037.69,31.444
2037.92,31.525
2037.94,31.606
2037.75,31.688
2038.07,31.769
2037.84,31.85
2037.84,31.932
2037.94,32.016
2038.16,32.097
2038.09,32.178
2037.7,32.259
2037.77,32.34
2037.8,32.421
2037.8,32.502
2037.86,32.584
2037.83,32.667
2038.08,32.749
2037.97,32.83
2037.75,32.911
2037.75,32.993
2038.03,33.074
2037.93,33.155
2037.76,33.236
2037.9,33.319
2037.73,33.401
2038.04,33.482
2038.04,33.563
2038.01,33.645
2037.68,33.726
2037.58,33.807
2037.75,33.889
2037.95,33.972
2037.95,34.054
2037.58,34.135
2037.78,34.215
2037.65,34.297
2037.41,34.378
2037.6,34.459
2037.6,34.541
2037.55,34.624
2037.62,34.706
2037.54,34.787
2037.81,34.868
2037.64,34.95
2037.81,35.031
2037.81,35.111
2037.91,35.193
2038.22,35.276
2037.97,35.358
2037.98,35.439
2038.1,35.52
2038.1,35.602
2038.15,35.683
2037.89,35.764
2037.92,35.845
2037.96,35.929
2037.78,36.011
2037.78,36.091
2037.87,36.172
2037.77,36.254
2038.07,36.335
2037.91,36.416
2038.04,36.497
2038.09,36.581
2038.09,36.663
2037.87,36.744
2038.04,36.825
2038.06,36.905
2038.13,36.987
2037.96,37.068
2037.96,37.149
2037.93,37.233
2037.91,37.314
2037.72,37.396
2037.86,37.477
2037.92,37.558
2037.92,37.64
2037.95,37.721
2037.92,37.801
2038.14,37.885
2038.12,37.966
2038.12,38.048
2037.91,38.129
2037.91,38.21
2038.26,38.292
2037.95,38.373
2037.88,38.454
2038.23,38.538
2038.15,38.619
2038.15,38.701
2037.97,38.781
2038.18,38.862
2037.99,38.943
2038.08,39.025
2038.1,39.106
2038.01,39.19
2038.01,39.271
2038.19,39.352
2038.03,39.434
2038.1,39.515
2038.23,39.596
2038.34,39.677
2038.34,39.758
2038.08,39.842
2038.15,39.923
2037.87,40.004
2037.99,40.086
2038.1,40.167
2038.1,40.248
2038.01,40.329
2038.03,40.411
2038,40.494
2038.24,40.576
2038.3,40.656
2038.67,40.737
2038.67,40.818
2038.76,40.899
2038.71,40.981
2039.02,41.062
2038.81,41.145
2039.17,41.227
2039.17,41.308
2039.38,41.389
2039.64,41.47
2039.48,41.551
2039.15,41.632
2039.13,41.713
2039.13,41.795
2039.3,41.878
2039.22,41.96
2039.68,42.041
2039.62,42.122
2039.7,42.203
2039.7,42.285
2039.7,42.365
2039.66,42.446
2039.82,42.53
2039.9,42.611
2039.74,42.692
2039.58,42.774
2039.58,42.855
2039.77,42.936
2039.79,43.017
2040.14,43.099
2040.12,43.182
2039.66,43.264
2039.7,43.344
2039.6,43.425
2039.69,43.507
2039.75,43.588
2039.55,43.669
2039.48,43.75
2039.34,43.834
2039.34,43.916
2039.48,43.997
2039.15,44.078
2039.31,44.16
2039.32,44.24
2039.38,44.321
2039.38,44.402
2039.4,44.483
2039.56,44.567
2039.26,44.648
2039.21,44.73
2039.56,44.811
2039.68,44.892
2039.58,44.974
2039.55,45.054
2039.56,45.135
2039.52,45.219
2039.71,45.3
2039.59,45.381
2039.59,45.463
2039.66,45.544
2039.72,45.625
2039.43,45.707
2039.61,45.788
2039.54,45.879
2039.43,45.961
2039.43,46.042
2039.3,46.124
2039.58,46.204
2039.33,46.285
2039.3,46.367
2039.53,46.448
2039.53,46.532
2039.31,46.613
2039.34,46.694
2039.26,46.776
2039.16,46.857
2039.11,46.939
2039.3,47.02
2039.27,47.1
2039.52,47.184
2039.6,47.265
2039.33,47.347
2039.33,47.428
2039.29,47.509
2039.29,47.591
2039.54,47.672
2039.24,47.753
2039.29,47.834
2039.43,47.912
2039.2,47.994
2039.2,48.075
2039.17,48.156
2039.44,48.238
2039.45,48.319
2039.59,48.4
2039.13,48.482
2039.13,48.565
2039.43,48.647
2039.52,48.728
2039.38,48.808
2039.44,48.889
2039.45,48.971
2039.42,49.052
2039.42,49.133
2039.4,49.217
2039.21,49.298
2039.21,49.38
2039.16,49.461
2039.21,49.542
2039.21,49.624
2039.46,49.704
2039.35,49.785
2039.46,49.869
2039.58,49.95
2039.58,50.032
2039.28,50.113
2039.28,50.194
2039.38,50.276
2039.64,50.357
2039.55,50.438
2039.75,50.519
2039.73,50.603
2032.37,0.71
2032.11,0.789
2031.88,0.87
2031.97,0.951
2032.29,1.032
2032.07,1.114
2032.07,1.195
2032.1,1.277
2032.33,1.359
2031.98,1.44
2031.96,1.521
2031.9,1.602
2031.9,1.684
2031.77,1.765
2031.94,1.846
2031.71,1.93
2031.96,2.011
2031.8,2.092
2031.56,2.173
2031.56,2.254
2031.5,2.335
2031.36,2.417
2031.67,2.498
2031.66,2.579
2031.45,2.663
2031.45,2.744
2031.68,2.825
2031.58,2.907
2031.57,2.988
2031.41,3.068
2031.8,3.149
2031.8,3.231
2031.61,3.315
2031.75,3.396
2031.73,3.477
2031.7,3.558
2031.67,3.64
2031.39,3.721
2031.39,3.802
2031.35,3.883
2031.41,3.966
2031.62,4.047
2031.46,4.129
2031.7,4.21
2031.7,4.291
2031.35,4.372
2031.25,4.454
2031.53,4.535
2031.34,4.616
2031.29,4.7
2031.29,4.781
2031.38,4.861
2031.33,4.942
2031.36,5.023
2031.58,5.105
2031.74,5.186
2031.74,5.267
2031.5,5.351
2031.54,5.432
2031.71,5.513
2031.26,5.595
2031.47,5.676
2031.4,5.756
2031.4,5.837
2031.45,5.918
2031.46,6
2031.45,6.083
2031.06,6.165
2031.26,6.246
2031.26,6.327
2031.32,6.408
2031.21,6.489
2031.21,6.571
2031.32,6.651
2031.13,6.732
2031.13,6.811
2031.23,6.892
2030.97,6.973
2031.25,7.054
2031.06,7.136
2031.3,7.217
2031.3,7.298
2031.29,7.378
2031.08,7.462
2031.38,7.543
2031.21,7.625
2031.28,7.706
2031.3,7.787
2031.3,7.868
2031.36,7.949
2031.16,8.031
2031.47,8.115
2031.31,8.196
2031.56,8.276
2031.56,8.357
2031.33,8.439
2031.29,8.52
2031.1,8.601
2031.49,8.683
2030.95,8.764
2030.95,8.848
2031.16,8.929
2031.11,9.01
2031.15,9.092
2031.13,9.172
2030.86,9.253
2030.86,9.335
2031.04,9.416
2031.06,9.5
2031.16,9.581
2031.08,9.662
2031.22,9.743
2031.24,9.825
2031.24,9.906
2031.22,9.987
2031.08,10.068
2031.17,10.151
2031.23,10.233
2031.08,10.314
2031.08,10.395
2031.23,10.477
2031.3,10.558
2031.13,10.639
2031.45,10.721
2031.13,10.805
2031.13,10.886
2031.27,10.967
2031.57,11.048
2031.33,11.129
2031.47,11.21
2031.4,11.291
2031.49,11.373
2031.49,11.457
2031.26,11.538
2031.44,11.619
2031.45,11.7
2031.18,11.782
2031.41,11.863
2031.41,11.943
2031.5,12.025
2031.4,12.106
2031.46,12.185
2031.49,12.266
2031.5,12.348
2031.5,12.429
2031.62,12.51
2031.43,12.591
2031.6,12.673
2031.31,12.753
2031.6,12.837
2031.6,12.918
2031.33,12.999
2031.86,13.081
2031.57,13.162
2031.67,13.243
2031.58,13.325
2031.46,13.406
2031.46,13.49
2031.39,13.571
2031.15,13.651
2031.52,13.733
2031.36,13.814
2031.52,13.895
2031.52,13.977
2031.68,14.058
2031.82,14.142
2031.49,14.223
2031.87,14.304
2031.87,14.386
2031.87,14.467
2031.78,14.547
2031.59,14.628
2031.67,14.71
2031.88,14.794
2032,14.875
2032.07,14.956
2032.07,15.037
2031.93,15.118
2032.23,15.2
2032.11,15.281
2032.02,15.362
2032.13,15.446
2032.13,15.526
2032.15,15.607
2031.9,15.688
2032.2,15.77
2032.15,15.851
2032,15.932
2032,16.014
2031.97,16.095
2031.89,16.179
2031.97,16.26
2032,16.34
2031.84,16.421
2031.84,16.503
2031.88,16.584
2031.93,16.665
2031.75,16.746
2032.1,16.83
2031.95,16.911
2032.12,16.993
2032.12,17.074
2031.96,17.155
2031.75,17.235
2031.87,17.317
2031.8,17.398
2031.62,17.489
2031.83,17.571
2031.83,17.652
2031.92,17.734
2031.69,17.815
2031.82,17.896
2031.79,17.978
2031.9,18.059
2031.9,18.143
2031.76,18.224
2032.03,18.306
2031.95,18.386
2032.15,18.467
2032.02,18.549
2032.02,18.63
2031.83,18.711
2032.04,18.795
2031.97,18.876
2031.54,18.958
2031.73,19.039
2031.75,19.12
2031.72,19.202
2031.75,19.282
2031.82,19.363
2031.67,19.447
2031.54,19.528
2031.75,19.61
2031.75,19.691
2031.8,19.773
2031.58,19.854
2031.45,19.935
2031.79,20.017
2031.47,20.1
2031.47,20.182
2031.6,20.262
2031.79,20.343
2031.58,20.424
2031.58,20.506
2031.65,20.587
2031.65,20.668
2031.38,20.752
2031.4,20.834
2031.7,20.915
2031.67,20.996
2031.59,21.078
2031.5,21.158
2031.5,21.239
2031.52,21.321
2031.75,21.404
2031.46,21.486
2031.73,21.567
2031.8,21.648
2031.8,21.73
2031.98,21.811
2031.87,21.892
2031.77,21.974
2031.95,22.057
2031.56,22.138
2031.95,22.219
2031.95,22.301
2032.06,22.382
2031.9,22.463
2031.96,22.544
2031.74,22.626
2031.88,22.709
2031.88,22.791
2031.94,22.872
2032.08,22.952
2031.94,23.034
2032,23.115
2032.11,23.196
2032.11,23.278
2032.03,23.359
2031.95,23.443
2032.25,23.524
2032.34,23.605
2032.02,23.687
2032.02,23.768
2031.97,23.848
2031.93,23.93
2032.29,24.011
2031.83,24.095
2032.13,24.176
2032.13,24.257
2032.13,24.339
2032.13,24.42
2032.09,24.502
2032.13,24.583
2031.87,24.664
2032.15,24.748
2032.15,24.828
2032.2,24.91
2032.23,24.991
2032.2,25.072
2032.21,25.154
2032.21,25.235
2032.21,25.317
2032.19,25.401
2032.19,25.482
2032.16,25.563
2031.95,25.645
2031.83,25.725
2031.97,25.806
2031.97,25.888
2031.97,25.969
2032.08,26.053
2032.13,26.134
2032.02,26.216
2032.13,26.297
2032.13,26.379
2032.17,26.46
2032.36,26.541
2032.14,26.622
2031.94,26.705
2032.04,26.787
2032.24,26.868
2032.2,26.95
2032.42,27.031
2032.29,27.112
2032.06,27.194
2032.17,27.275
2032.33,27.359
2032.33,27.44
2032.42,27.521
2032.47,27.602
2032.38,27.683
2032.36,27.764
2032.32,27.846
2032.32,27.927
2032.47,28.011
2032.26,28.092
2032.04,28.173
2032.41,28.255
2032.28,28.336
2032.28,28.417
2032.19,28.498
2032.25,28.579
2032.37,28.663
2032.28,28.744
2032.38,28.826
2032.25,28.907
2032.25,28.988
2032.26,29.07
2032.1,29.151
2032.37,29.232
2032.17,29.316
2032.21,29.396
2032.21,29.478
2032.26,29.559
2032.17,29.64
2032.28,29.722
2032.24,29.803
2032.52,29.884
2032.33,29.968
2032.29,30.05
2032.4,30.131
2032.8,30.212
2032.49,30.292
2032.27,30.374
2032.55,30.455
2032.55,30.536
2032.35,30.62
2032.33,30.701
2032.14,30.783
2032.36,30.864
2032.36,30.945
2032.36,31.027
2032.34,31.108
2032.19,31.188
2032.18,31.272
2032.17,31.354
2032.13,31.435
2032.13,31.516
2032.06,31.598
2032.01,31.679
2032.32,31.76
2032.29,31.842
2032.25,31.925
2032.32,32.007
2032.32,32.088
2032.22,32.168
2032.29,32.25
2032.2,32.331
2032.27,32.412
2032.32,32.494
2032.32,32.577
2032.39,32.659
2032.41,32.74
2032.24,32.821
2032.48,32.903
2032.2,32.984
2032.2,33.064
2032.29,33.146
2032.42,33.23
2032.47,33.311
2032.31,33.392
2032.5,33.474
2032.38,33.555
2032.38,33.636
2032.54,33.718
2032.35,33.799
2032.53,33.883
2032.53,33.964
2032.37,34.044
2032.37,34.126
2032.16,34.207
2032.41,34.289
2032.36,34.37
2032.5,34.451
2032.47,34.532
2032.47,34.616
2032.51,34.698
2032.26,34.779
2032.19,34.86
2032.39,34.941
2032.21,35.022
2032.19,35.103
2032.19,35.185
2032.43,35.268
2032.02,35.35
2032.11,35.431
2032.2,35.512
2032.06,35.594
2032.06,35.675
2032.29,35.756
2032.34,35.837
2032.17,35.921
2032.1,36.002
2031.94,36.083
2031.94,36.164
2032.06,36.246
2031.94,36.327
2032.15,36.408
2032.07,36.49
2032.05,36.573
2031.71,36.655
2031.71,36.736
2031.89,36.816
2031.47,36.898
2031.33,36.979
2031.41,37.06
2031.5,37.142
2031.5,37.226
2031.4,37.307
2031.53,37.388
2031.58,37.47
2031.4,37.551
2031.38,37.632
2031.38,37.713
2031.66,37.794
2031.44,37.878
2031.72,37.959
2031.74,38.04
2031.67,38.122
2031.5,38.203
2031.5,38.284
2031.85,38.365
2031.62,38.447
2031.66,38.528
2031.46,38.62
2031.52,38.701
2031.52,38.781
2031.43,38.863
2031.61,38.944
2031.7,39.026
2031.4,39.107
2031.31,39.188
2031.36,39.272
2031.36,39.354
2031.47,39.435
2031.4,39.516
2031.4,39.598
2031.34,39.678
2031.44,39.759
2031.44,39.841
2031.29,39.925
2031.37,40.006
2031.46,40.088
2031.48,40.169
2031.27,40.25
2031.27,40.332
2031.4,40.413
2031.38,40.494
2031.5,40.578
2031.45,40.659
2031.31,40.74
2031.44,40.821
2031.44,40.903
2031.48,40.984
2031.35,41.065
2031.66,41.147
2031.3,41.231
2031.51,41.312
2031.51,41.394
2031.47,41.475
2031.53,41.555
2031.54,41.637
2031.3,41.718
2031.46,41.799
2031.6,41.883
2031.53,41.965
2031.46,42.046
2031.36,42.127
2031.32,42.209
2031.45,42.29
2031.55,42.372
2031.55,42.452
2031.64,42.536
2031.28,42.617
2031.38,42.699
2031.59,42.78
2031.22,42.861
2031.22,42.943
2031.44,43.024
2031.51,43.105
2031.5,43.189
2031.29,43.271
2031.21,43.352
2031.21,43.432
2031.39,43.514
2031.3,43.595
2031.44,43.677
2031.46,43.758
2031.59,43.842
2031.32,43.923
2031.32,44.005
2031.43,44.086
2031.38,44.167
2031.23,44.249
2031.38,44.329
2031.27,44.411
2031.27,44.494
2031.1,44.576
2031.37,44.657
2031.28,44.739
2031.3,44.82
2031.46,44.901
2031.46,44.983
2031.28,45.064
2031.42,45.148
2031.43,45.229
2031.23,45.31
2031.25,45.391
2031.29,45.472
2031.29,45.554
2031.36,45.635
2031.59,45.717
2031.52,45.8
2031.26,45.882
2031.32,45.963
2031.32,46.044
2031.6,46.126
2031.17,46.206
2031.49,46.288
2031.37,46.369
2031.41,46.453
2031.35,46.534
2031.35,46.616
2031.14,46.697
2031.02,46.778
2031.46,46.86
2031.3,46.941
2031.44,47.023
2031.44,47.106
2031.39,47.187
2031.66,47.268
2031.71,47.35
2031.66,47.431
2031.54,47.512
2031.54,47.594
2031.39,47.675
2031.41,47.759
2031.52,47.84
2031.47,47.922
2031.49,48.003
2031.49,48.083
2031.32,48.165
2031.36,48.246
2031.34,48.327
2031.26,48.411
2031.1,48.493
2031.09,48.574
2031.09,48.655
2031.07,48.737
2030.92,48.818
2030.76,48.899
2030.79,48.98
2030.63,49.064
2030.63,49.145
2030.65,49.226
2030.58,49.308
2030.14,49.389
2029.82,49.471
2029.75,49.552
2029.75,49.633
2029.29,49.717
2029.25,49.799
2029.08,49.88
2028.75,49.96
2028.52,50.042
2028.56,50.123
2028.56,50.204
2028.4,50.286
2028.14,50.37
2027.78,50.451
2027.64,50.532
2027.6,50.614
2027.6,50.695
2027.23,50.776
2027.18,50.856
2026.86,50.938
2027.27,51.022
2027.54,51.103
2027.52,51.184
2027.49,51.266
2028.2,51.347
2028.43,51.428
2029.1,51.51
2029.56,51.591
2029.89,51.675
2029.89,51.756
2030.17,51.836
2030.81,51.918
2030.73,51.999
2031.19,52.08
2031.49,52.162
2031.49,52.243
2031.71,52.335
2032.08,52.416
2032.03,52.498
2032.51,52.579
2032.32,52.66
2032.55,52.742
2032.55,52.823
2032.18,52.903
2032.3,52.987
2032.2,53.068
2032.37,53.15
2032.79,53.231
2032.79,53.312
2033.14,53.394
2033.5,53.475
2033.52,53.556
2033.52,53.64
2033.4,53.722
2033.8,53.803
2033.8,53.883
2033.84,53.965
2033.82,54.046
2034.22,54.127
2034.2,54.209
2034.55,54.293
2034.55,54.374
2034.75,54.455
2035.03,54.537
2035.55,54.618
2035.56,54.699
2035.99,54.78
2035.99,54.861
2036.18,54.945
2036.28,55.026
2036.8,55.107
2037.11,55.189
2037.48,55.27
2037.94,55.351
2037.94,55.433
2038.32,55.514
2038.81,55.598
2039.1,55.678
2039.59,55.76
2039.77,55.841
2039.77,55.922
2040.45,56.004
2040.82,56.085
2041.26,56.166
2041.79,56.25
2041.99,56.331
2041.99,56.413
2042.45,56.494
2042.78,56.574
2043.33,56.656
2043.93,56.737
2044.36,56.818
2044.71,56.902
2044.71,56.983
2045.5,57.065
2046.26,57.146
2046.81,57.227
2047.17,57.308
2047.51,57.39
2047.51,57.47
2048.33,57.554
2048.7,57.635
2049.15,57.717
2049.43,57.798
2049.79,57.879
2049.79,57.961
2050.32,58.042
2050.64,58.123
2051,58.205
2051.94,58.289
2052.14,58.37
2052.47,58.45
2052.54,58.532
2053.31,58.613
2053.86,58.694
2054.17,58.776
2054.91,58.857
2055.23,58.941
2055.23,59.022
2055.95,59.103
2056.27,59.184
2056.84,59.266
2057.4,59.346
2057.87,59.427
2057.87,59.508
2058.35,59.6
2058.62,59.681
2059.39,59.763
2059.85,59.844
2060.37,59.925
2061.02,60.007
2061.02,60.088
2061.38,60.169
2061.97,60.253
2062.5,60.335
2063.07,60.416
2063.45,60.496
2063.45,60.578
2063.87,60.659
2064.49,60.74
2065.15,60.822
2065.78,60.905
2066.05,60.987
2066.6,61.068
2066.6,61.149
2067.27,61.231
2067.99,61.312
2068.68,61.392
2069.29,61.474
2069.94,61.558
2069.94,61.639
2070.46,61.72
2070.98,61.802
2071.53,61.883
2072.34,61.964
2072.89,62.046
2072.89,62.127
2073.59,62.211
2074.28,62.291
2074.96,62.372
2075.67,62.454
2076.29,62.535
2076.29,62.616
2076.66,62.698
2077.19,62.779
2077.96,62.863
2078.71,62.944
2079.1,63.026
2079.78,63.107
2079.78,63.187
2080.37,63.269
2081.1,63.35
2081.94,63.431
2082.05,63.515
2082.92,63.596
2082.92,63.678
2083.3,63.759
2084.28,63.84
2085.19,63.922
2085.88,64.003
2086.23,64.083
2086.99,64.167
2086.99,64.249
2087.63,64.33
2088.47,64.411
2089.03,64.493
2089.6,64.574
2090.53,64.655
2090.53,64.737
2091.31,64.821
2092.1,64.902
2092.85,64.983
2093.03,65.063
2093.82,65.145
2093.82,65.226
2094.51,65.307
2094.98,65.389
2095.71,65.473
2095.96,65.554
2096.78,65.635
2096.78,65.717
2097.39,65.798
2097.95,65.879
2098.95,65.959
2099.33,66.041
2099.9,66.122
2100.6,66.206
2100.6,66.287
2101.12,66.368
2101.84,66.45
2102.84,66.531
2103.59,66.612
2104.47,66.694
2104.47,66.775
2105.25,66.859
2105.83,66.939
2106.37,67.02
2106.74,67.102
2107.67,67.183
2107.67,67.264
2108.01,67.346
2109.01,67.427
2109.63,67.511
2110.19,67.592
2110.81,67.673
2111.3,67.755
2111.3,67.835
2111.87,67.916
2112.41,67.998
2113.02,68.079
2113.81,68.163
2114.29,68.244
2114.29,68.326
2114.94,68.407
2115.49,68.488
2115.99,68.57
2116.8,68.651
2117.35,68.731
2117.35,68.815
2118.13,68.896
2118.55,68.978
2119.29,69.059
2119.66,69.14
2120.7,69.222
2121.42,69.303
2121.32,69.384
2122.06,69.468
2122.9,69.549
2123.22,69.63
2123.72,69.711
2124.49,69.792
2124.49,69.874
2125.03,69.955
2125.93,70.036
2126.29,70.12
2127.17,70.201
2127.45,70.282
2127.45,70.364
2127.81,70.445
2128.67,70.526
2129.11,70.607
2129.83,70.688
2130.41,70.772
2130.95,70.853
2130.95,70.935
2131.59,71.016
2131.9,71.097
2132.65,71.179
2133.05,71.26
2133.97,71.341
2133.97,71.425
2134.47,71.506
2135.2,71.587
2135.81,71.668
2136.55,71.75
2137.39,71.831
2137.39,71.912
2137.73,71.994
2138.29,72.075
2139.15,72.159
2139.65,72.24
2140.68,72.322
2140.68,72.402
2141.38,72.483
2142.06,72.564
2142.66,72.646
2143.18,72.727
2144.12,72.811
2144.6,72.892
2144.6,72.974
2145.39,73.055
2145.88,73.136
2146.56,73.218
2147.4,73.298
2147.74,73.38
2147.74,73.463
2148.48,73.545
2148.93,73.626
2149.92,73.707
2150.12,73.789
2151.08,73.87
2151.08,73.951
2151.78,74.033
2152.45,74.117
2153.07,74.198
2153.79,74.278
2154.17,74.36
2154.99,74.441
2154.99,74.522
2155.68,74.604
2155.91,74.685
2156.68,74.769
2157.13,74.85
2158.01,74.932
2158.01,75.013
2158.48,75.094
2159.32,75.175
2159.84,75.256
2160.17,75.338
2161.27,75.421
2161.27,75.503
2161.7,75.584
2162.2,75.665
2162.84,75.747
2163.32,75.828
2163.87,75.909
2164.66,75.991
2164.66,76.075
2165.01,76.155
2165.65,76.236
2166.48,76.318
2166.88,76.399
2167.4,76.48
2167.4,76.562
2167.61,76.643
2169.55,76.727
2169.71,76.808
2169.56,76.89
2170.09,76.971
2170.09,77.052
2170.37,77.133
2170.69,77.214
2171.61,77.295
2172.1,77.379
2172.55,77.461
2173.23,77.542
2173.23,77.624
2173.57,77.705
2173.03,77.787
2173.26,77.868
2173.12,77.948
2173.11,78.032
2173.11,78.113
2173.24,78.195
2172.86,78.276
2172.37,78.357
2171.27,78.439
2171.16,78.52
2171.16,78.601
2171.07,78.683
2171.05,78.761
2170.65,78.842
2168.63,78.923
2167.02,79.005
2167.02,79.086
2165.52,79.167
2165.72,79.249
2166.37,79.33
2165.06,79.414
2164.47,79.496
2162.34,79.577
2162.34,79.657
2161.21,79.739
2160.05,79.82
2158.63,79.901
2157.81,79.983
2157.71,80.067
2157.71,80.148
2157.79,80.229
2157.49,80.311
2157.38,80.392
2157.25,80.473
2157.18,80.553
2157.18,80.635
2156.91,80.727
2156.55,80.808
2156.56,80.889
2156.7,80.971
2156.03,81.052
2155.54,81.134
2155.54,81.215
2155.32,81.297
2154.96,81.38
2154.85,81.462
2154.73,81.543
2154.53,81.625
2154.33,81.705
2154.3,81.787
2154.01,81.868
2154.11,81.95
2153.73,82.033
2153.54,82.115
2153.16,82.196
2153.16,82.278
2152.7,82.359
2152.77,82.44
2152.85,82.522
2152.63,82.603
2152.22,82.686
2152.22,82.768
2152.28,82.849
2152.02,82.93
2152,83.012
2151.99,83.093
2151.64,83.175
2151.69,83.256
2151.76,83.34
2151.47,83.421
2151.22,83.503
2150.95,83.584
2150.9,83.664
2150.4,83.746
2150.4,83.827
2150.19,83.909
2150.01,83.992
2149.4,84.074
2149.23,84.155
2149.63,84.237
2149.63,84.318
2149.46,84.4
2148.97,84.481
2148.71,84.562
2148.56,84.645
2148.32,84.727
2148.07,84.808
2148.07,84.89
2147.65,84.971
2147.56,85.053
2147.68,85.134
2147.29,85.215
2147.13,85.299
2147.13,85.381
2147.08,85.462
2146.61,85.542
2146.5,85.624
2146.78,85.705
2146.26,85.787
2146.26,85.868
2146.32,85.952
2146.04,86.033
2145.8,86.115
2145.5,86.196
2145.26,86.277
2145.08,86.359
2145.08,86.439
2145.11,86.521
2144.77,86.604
2144.49,86.686
2144.33,86.767
2144.05,86.849
2144.05,86.93
2143.82,87.011
2143.7,87.093
2143.51,87.174
2143.51,87.258
2143.34,87.34
2143.34,87.42
2143.1,87.501
2142.63,87.583
2142.49,87.664
2142.41,87.746
2142.04,87.827
2142.08,87.911
2142.08,87.992
2141.59,88.074
2141.45,88.155
2141.17,88.236
2141.1,88.317
2141.35,88.398
2141.35,88.48
2140.78,88.563
2140.62,88.645
2140.62,88.726
2140.2,88.808
2139.94,88.889
2139.94,88.97
2139.71,89.052
2139.69,89.133
2139.35,89.217
2139.24,89.297
2138.92,89.379
2138.8,89.46
2138.8,89.542
2138.52,89.623
2138.5,89.704
2138.42,89.786
2138.12,89.87
2137.78,89.951
2137.78,90.033
2137.55,90.114
2137.35,90.194
2137.41,90.276
2136.9,90.357
2136.64,90.438
2137.03,90.522
2137.06,90.604
2136.57,90.685
2136.61,90.766
2136.55,90.848
2136.44,90.929
2136.34,91.01
2136.34,91.091
2136.15,91.175
2135.69,91.256
2135.51,91.337
2135.59,91.419
2135.51,91.5
2135.51,91.582
2135.55,91.663
2135.45,91.744
2135.37,91.826
2134.89,91.909
2134.76,91.991
2134.76,92.071
2134.78,92.152
2134.58,92.234
2134.44,92.315
2134.4,92.396
2134.16,92.478
2134,92.561
2134,92.643
2133.81,92.724
2133.83,92.806
2133.62,92.887
2133.31,92.967
2133.1,93.049
2133.1,93.13
2132.8,93.214
2132.69,93.295
2132.67,93.377
2132.51,93.458
2132.7,93.539
2132.7,93.621
2132.47,93.702
2132.24,93.783
2131.97,93.867
2132.2,93.947
2131.86,94.029
2131.78,94.11
2131.78,94.191
2131.57,94.273
2131.32,94.354
2131.33,94.436
2131.03,94.519
2130.88,94.601
2130.88,94.682
2130.9,94.763
2130.61,94.844
2130.47,94.925
2130.21,95.007
2130.14,95.088
2130.03,95.172
2130.07,95.253
2129.88,95.335
2129.76,95.416
2129.42,95.497
2129.22,95.579
2129.32,95.66
2129.32,95.741
2129.22,95.825
2129,95.906
2128.76,95.987
2128.73,96.069
2128.39,96.15
2128.39,96.231
2128.31,96.313
2127.99,96.394
2127.76,96.478
2127.74,96.559
2127.46,96.641
2127.32,96.721
2127.38,96.802
2127.1,96.884
2126.9,96.965
2126.86,97.046
2126.54,97.13
2126.58,97.211
2126.58,97.293
2126.32,97.374
2126.18,97.456
2125.95,97.537
2126.02,97.617
2125.68,97.699
2125.68,97.783
2125.66,97.864
2125.36,97.945
2125.25,98.027
2125.22,98.108
2124.84,98.19
2124.84,98.271
2124.97,98.352
2124.81,98.436
2124.62,98.518
2124.65,98.598
2124.37,98.679
2124.24,98.76
2124.24,98.842
2124.24,98.923
2123.78,99.004
2123.62,99.088
2123.41,99.169
2123.51,99.251
2123.51,99.332
2123.23,99.414
2123.02,99.494
2123.02,99.575
2122.76,99.657
2122.7,99.741
2122.7,99.822
2122.73,99.903
2122.54,99.985
2122.26,100.066
2121.79,100.147
2121.83,100.229
2121.54,100.31
2121.54,100.393
2121.33,100.474
2121.05,100.556
2120.98,100.637
2120.89,100.719
2121.07,100.8
2121.07,100.881
2120.68,100.963
2120.5,101.047
2120.35,101.128
2120.32,101.21
2120.2,101.291
2120.22,101.372
2120.22,101.453
2119.93,101.534
2119.86,101.616
2119.4,101.707
2119.28,101.789
2119.21,101.87
2119.21,101.952
2119.1,102.033
2118.78,102.115
2118.76,102.196
2118.21,102.278
2117.84,102.362
2117.89,102.443
2117.89,102.524
2117.67,102.605
2117.44,102.687
2117.45,102.768
2117.05,102.85
2117.03,102.931
2117.03,103.015
2116.74,103.096
2116.78,103.178
2116.64,103.259
2116.33,103.341
2116.29,103.421
2116.31,103.503
2116.41,103.584
2116.01,103.668
2116.13,103.75
2115.95,103.831
2116.13,103.913
2115.46,103.994
2115.46,104.075
2115.3,104.157
2115.27,104.241
2115.3,104.322
2115.06,104.403
2114.91,104.484
2114.91,104.566
2114.54,104.647
2114.48,104.728
2114.45,104.81
2114.17,104.894
2113.61,104.975
2113.59,105.057
2113.59,105.138
2113.21,105.22
2113.11,105.3
2113.05,105.382
2112.62,105.463
2112.91,105.547
2112.91,105.628
2112.6,105.71
2112.59,105.791
2112.3,105.873
2112.28,105.954
2111.87,106.035
2111.87,106.117
2111.71,106.201
2111.64,106.281
2111.57,106.362
2111.39,106.444
2111.44,106.525
2111.13,106.607
2111.13,106.688
2110.83,106.769
2110.69,106.853
2110.43,106.935
2110.64,107.016
2110.05,107.097
2110.05,107.179
2109.87,107.259
2109.58,107.341
2109.68,107.422
2109.42,107.506
2108.99,107.587
2108.99,107.669
2108.8,107.75
2108.66,107.832
2108.57,107.913
2108.51,107.994
2108.14,108.076
2108.05,108.16
2108.05,108.24
2107.82,108.321
2107.88,108.403
2107.47,108.484
2107.37,108.566
2107.31,108.647
2107.31,108.728
2107.17,108.812
2107.13,108.894
2106.7,108.975
2106.63,109.057
2106.43,109.137
2106.43,109.218
2106.03,109.3
2106.19,109.381
2105.37,109.465
2105.53,109.547
2105.15,109.628
2104.77,109.71
2104.77,109.791
2104.84,109.873
2104.5,109.954
2104.31,110.035
2104.28,110.119
2104.25,110.2
2104.25,110.281
2104.02,110.363
2103.98,110.444
2103.8,110.526
2103.65,110.607
2103.74,110.689
2103.38,110.773
2103.38,110.854
2103.04,110.936
2103.01,111.016
2102.92,111.097
2102.53,111.179
2102.6,111.26
2102.6,111.344
2102.4,111.426
2102.1,111.507
2102,111.589
2102.17,111.67
2101.89,111.751
2101.89,111.833
2101.87,111.913
2101.47,111.997
2101.11,112.079
2101.04,112.161
2101.08,112.242
2100.83,112.324
2100.83,112.405
2100.46,112.487
2100.21,112.568
2099.88,112.652
2099.9,112.734
2099.83,112.815
2099.83,112.897
2099.52,112.977
2099.49,113.059
2099.42,113.14
2099.4,113.222
2099.31,113.306
2099.2,113.387
2099.2,113.468
2099.06,113.55
2098.8,113.632
2098.62,113.713
2098.82,113.794
2098.76,113.878
2098.76,113.959
2098.72,114.04
2098.63,114.122
2098.06,114.203
2098.09,114.285
2098.05,114.366
2098.05,114.448
2098.02,114.532
2097.78,114.613
2097.69,114.695
2097.5,114.776
2097.46,114.857
2097.33,114.938
2097.33,115.02
2097.12,115.101
2096.74,115.186
2096.86,115.267
2096.61,115.349
2096.4,115.43
2096.4,115.512
2096.27,115.593
2096.17,115.675
2096.01,115.756
2095.76,115.84
2095.84,115.921
2095.73,116.002
2095.73,116.084
2095.69,116.165
2095.25,116.247
2095.2,116.328
2095.32,116.412
2095.04,116.494
2095.04,116.575
2094.89,116.657
2094.92,116.738
2094.83,116.819
2094.76,116.9
2094.57,116.982
2094.57,117.065
2094.23,117.147
2094.16,117.229
2094.26,117.31
2094.12,117.392
2093.89,117.473
2093.55,117.555
2093.55,117.636
2093.55,117.72
2093.25,117.801
2093.23,117.882
2092.86,117.964
2092.84,118.045
2092.84,118.127
2092.48,118.208
2092.41,118.29
2092.44,118.374
2092.28,118.455
2092.37,118.537
2092.03,118.618
2092.03,118.7
2092.06,118.78
2091.8,118.862
2091.66,118.946
2091.54,119.027
2091.36,119.109
2091.36,119.19
2091.42,119.272
2091.12,119.353
2090.87,119.435
2090.8,119.516
2090.86,119.6
2090.86,119.681
2090.5,119.762
2090.44,119.843
2090.32,119.925
2090.38,120.006
2090.16,120.088
2090,120.169
2090,120.253
2089.73,120.335
2089.61,120.416
2089.43,120.498
2089.33,120.579
2089.42,120.659
2089.42,120.741
2088.98,120.822
2088.87,120.906
2088.65,120.988
2088.58,121.069
2088.33,121.151
2088.13,121.232
2088.1,121.314
2088.21,121.395
2087.86,121.476
2087.62,121.56
2087.65,121.641
2087.35,121.722
2087.35,121.803
2087.06,121.885
2086.83,121.966
2087,122.048
2086.73,122.129
2086.41,122.221
2086.24,122.302
2086.24,122.383
2086.18,122.465
2085.9,122.546
2085.79,122.628
2085.77,122.708
2085.41,122.79
2085.41,122.874
2085.36,122.955
2085.24,123.037
2084.95,123.118
2084.95,123.2
2084.87,123.281
2084.87,123.362
2084.53,123.444
2084.61,123.528
2084.26,123.609
2084.24,123.691
2083.79,123.771
2083.79,123.853
2083.79,123.934
2083.28,124.015
2083.28,124.097
2083.08,124.181
2082.96,124.263
2082.79,124.344
2082.79,124.426
2082.78,124.507
2082.53,124.589
2082.55,124.669
2082.35,124.753
2082.17,124.835
2081.91,124.916
2081.91,124.998
2081.88,125.079
2081.89,125.161
2081.53,125.242
2081.73,125.324
2081.55,125.408
2081.55,125.489
2081.23,125.571
2081.52,125.651
2081.31,125.732
2081.13,125.814
2080.84,125.895
2080.84,125.977
2080.93,126.061
2080.76,126.142
2080.77,126.224
2080.58,126.305
2080.33,126.387
2080.06,126.469
2080.06,126.55
2079.86,126.63
2079.76,126.714
2079.5,126.796
2079.39,126.877
2079.34,126.959
2079.34,127.04
2079.19,127.122
2078.95,127.203
2078.65,127.285
2078.72,127.369
2078.47,127.45
2078.08,127.532
2078.08,127.612
2078.16,127.693
2078.2,127.775
2078.15,127.856
2077.9,127.938
2077.8,128.022
2077.8,128.103
2077.57,128.184
2077.72,128.266
2077.2,128.347
2077.13,128.429
2077.17,128.509
2077.17,128.593
2076.86,128.675
2076.56,128.756
2076.57,128.838
2076.7,128.919
2076.64,129.001
2076.4,129.082
2076.4,129.163
2076.13,129.247
2075.85,129.329
2075.61,129.41
2075.43,129.491
2075.16,129.572
2075.16,129.654
2075.24,129.735
2074.77,129.816
2074.76,129.9
2074.59,129.982
2074.37,130.063
2074.37,130.145
2074.09,130.226
2074.16,130.307
2074.07,130.388
2073.9,130.469
2073.9,130.553
2073.51,130.651
2073.51,130.732
2073.51,130.813
2073.36,130.894
2073.07,130.976
2072.81,131.057
2072.77,131.139
2072.48,131.223
2072.48,131.304
2072.36,131.386
2072.26,131.467
2071.85,131.549
2071.88,131.63
2071.75,131.71
2071.75,131.792
2071.76,131.884
2071.66,131.965
2071.46,132.046
2071.18,132.128
2070.91,132.209
2070.85,132.29
2070.85,132.372
2070.68,132.454
2070.45,132.537
2070.13,132.619
2069.97,132.7
2069.88,132.782
2069.76,132.862
2069.76,132.944
2069.51,133.025
2069.44,133.114
2069.03,133.198
2069.02,133.279
2068.85,133.361
2068.51,133.442
2068.51,133.523
2068.46,133.605
2068.3,133.686
2068.17,133.768
2067.75,133.852
2067.71,133.933
2067.71,134.014
2067.35,134.095
2067.69,134.177
2067.37,134.258
2066.94,134.347
2066.27,134.429
2066.09,134.513
2066.09,134.594
2065.87,134.676
2066.1,134.757
2065.62,134.839
2065.34,134.92
2064.98,135.002
2064.98,135.083
2064.81,135.166
2064.78,135.248
2064.26,135.329
2064.06,135.411
2064.1,135.492
2063.95,135.581
2063.95,135.663
2063.42,135.747
2063.47,135.828
2063.22,135.909
2063.17,135.991
2062.8,136.072
2062.53,136.154
2062.53,136.235
2062.57,136.316
2062.3,136.399
2062.21,136.481
2061.8,136.562
2061.89,136.644
2061.89,136.725
2061.63,136.815
2061.62,136.896
2061.34,136.978
2060.99,137.062
2061.03,137.143
2060.7,137.225
2060.7,137.306
2060.61,137.387
2060.2,137.468
2060.2,137.549
2060.2,137.631
2059.74,137.715
2059.74,137.796
2059.26,137.878
2059.14,137.959
2059.26,138.048
2059.16,138.13
2058.67,138.211
2058.57,138.293
2058.57,138.376
2058.62,138.458
2058.21,138.539
2058.14,138.62
2057.87,138.701
2057.61,138.782
2057.61,138.864
2057.63,138.945
2057.43,139.029
2057.07,139.111
2056.83,139.192
2056.84,139.281
2056.38,139.363
2056.38,139.444
2056.47,139.526
2056.29,139.607
2056.07,139.691
2055.83,139.772
2055.76,139.853
2055.45,139.935
2055.45,140.016
2055.32,140.098
2055.24,140.179
2055.1,140.261
2054.8,140.344
2054.62,140.426
2054.4,140.515
2054.4,140.596
2054.15,140.677
2054.15,140.759
2053.84,140.839
2053.7,140.921
2053.38,141.005
2053.38,141.086
2053.49,141.167
2053.08,141.249
2053.37,141.33
2052.76,141.412
2052.46,141.493
2052.46,141.574
2052.39,141.658
2052.13,141.747
2052.11,141.828
2051.87,141.91
2051.5,141.99
2051.41,142.071
2051.41,142.153
2051.34,142.234
2051.22,142.318
2050.93,142.4
2050.79,142.481
2050.47,142.563
2050.08,142.644
2050.08,142.726
2049.94,142.807
2049.41,142.888
2049.41,142.988
2049.24,143.069
2049.02,143.151
2049,143.232
2049,143.313
2048.63,143.394
2048.64,143.476
2048.91,143.557
2048.53,143.642
2048.16,143.723
2048.16,143.805
2047.91,143.886
2047.4,143.968
2047.29,144.049
2047.21,144.13
2046.6,144.219
2046.85,144.303
2046.85,144.384
2046.37,144.465
2046.26,144.546
2046.25,144.628
2045.94,144.709
2045.92,144.791
2045.67,144.872
2045.64,144.956
2045.36,145.038
2045.14,145.119
2044.83,145.201
2044.75,145.282
2044.72,145.363
2044.72,145.451
2044.42,145.532
2044.07,145.616
2044.12,145.697
2043.62,145.779
2043.32,145.86
2043.45,145.942
2043.45,146.023
2043.38,146.105
2042.9,146.186
2042.61,146.27
2042.56,146.351
2041.99,146.433
2041.99,146.513
2042.26,146.595
2041.96,146.685
2041.58,146.766
2041.35,146.85
2041.47,146.932
2041.1,147.013
2041.1,147.095
2040.84,147.176
2040.72,147.257
2040.42,147.339
2040.13,147.42
2039.8,147.504
2039.8,147.586
2039.85,147.666
2039.66,147.747
2039.35,147.829
2039.29,147.917
2038.78,147.999
2038.68,148.08
2038.68,148.164
2038.68,148.246
2038.7,148.327
2038.43,148.408
2038.45,148.49
2038.15,148.571
2038.09,148.653
2038.09,148.733
2037.75,148.817
2037.71,148.898
2037.45,148.98
2037.31,149.061
2037.11,149.151
2036.99,149.233
2036.95,149.314
2036.97,149.396
2036.89,149.48
2036.7,149.561
2036.38,149.643
2036.17,149.724
2036.17,149.806
2035.83,149.886
2035.57,149.968
2035.57,150.049
2034.95,150.133
2035.35,150.215
2035.35,150.296
2035.43,150.385
2034.63,150.467
2034.46,150.548
2034.4,150.63
2034.31,150.711
2034.06,150.795
2034.06,150.876
2034.22,150.958
2033.83,151.038
2033.63,151.12
2033.61,151.201
2033.3,151.282
2033.3,151.364
2033.14,151.448
2033,151.529
2032.62,151.618
2032.3,151.699
2032.3,151.781
2032.3,151.862
2032.3,151.944
2032.02,152.025
2031.76,152.109
2031.56,152.19
2031.25,152.271
2031.21,152.353
2031.37,152.434
2031.37,152.516
2031.2,152.597
2030.74,152.679
2030.42,152.763
2030.44,152.852
2030.15,152.933
2030.05,153.015
2030.05,153.096
2029.79,153.177
2029.34,153.259
2029.27,153.339
2029.09,153.423
2029.02,153.505
2029.02,153.587
2028.74,153.668
2028.56,153.75
2028.38,153.831
2028.47,153.913
2028.15,153.994
2028.05,154.086
2028.05,154.168
2027.53,154.249
2027.68,154.331
2027.48,154.412
2027.13,154.493
2026.88,154.574
2026.88,154.658
2026.68,154.74
2026.7,154.821
2026.58,154.903
2026.21,154.985
2026.09,155.066
2025.75,155.148
2025.75,155.229
2025.75,155.32
2025.32,155.402
2025.71,155.483
2025.61,155.565
2025.76,155.645
2025.83,155.726
2025.8,155.808
2025.5,155.889
2025.82,155.973
2025.66,156.055
2025.66,156.136
2025.77,156.218
2025.77,156.299
2025.87,156.381
2025.52,156.462
2025.63,156.552
2025.62,156.636
2025.45,156.717
2025.66,156.798
2025.66,156.879
2025.4,156.961
2025.58,157.042
2025.58,157.124
2025.48,157.205
2025.81,157.289
2025.81,157.37
2025.95,157.452
2025.65,157.533
2025.63,157.615
2025.69,157.696
2025.7,157.786
2025.87,157.867
2025.87,157.95
2025.69,158.032
2025.68,158.113
2025.32,158.195
2025.68,158.276
2025.76,158.358
2025.76,158.439
2025.43,158.521
2025.61,158.605
2025.57,158.686
2025.54,158.768
2025.7,158.849
2025.26,158.93
2025.26,159.019
2025.45,159.1
2025.7,159.181
2025.7,159.265
2025.47,159.347
2025.53,159.428
2025.81,159.51
2025.81,159.591
2025.55,159.673
2025.74,159.754
2025.82,159.836
2025.57,159.92
2025.53,160.001
2025.53,160.082
2025.59,160.163
2025.71,160.252
2025.54,160.334
2025.78,160.415
2025.43,160.499
2025.4,160.581
2025.4,160.662
2025.63,160.744
2025.54,160.825
2025.66,160.907
2025.52,160.988
2025.68,161.07
2025.68,161.154
2025.47,161.234
2025.46,161.316
2025.88,161.397
2025.92,161.485
2025.67,161.566
2025.51,161.648
2025.51,161.729
2025.51,161.813
2025.56,161.895
2025.4,161.976
2025.69,162.058
2025.69,162.139
2025.69,162.221
2025.73,162.301
2025.79,162.382
2025.83,162.466
2025.69,162.548
2025.73,162.629
2025.55,162.718
2025.55,162.799
2025.55,162.881
2025.68,162.962
2025.66,163.044
2025.62,163.128
2025.61,163.209
2025.73,163.291
2025.73,163.372
2025.6,163.453
2025.75,163.534
2025.79,163.616
2025.47,163.697
2025.4,163.789
2025.6,163.878
2025.6,163.959
2025.54,164.041
2025.51,164.123
2025.6,164.204
2025.55,164.286
2025.4,164.367
2025.85,164.451
2025.85,164.533
2025.51,164.614
2025.46,164.696
2025.42,164.776
2025.57,164.858
2025.5,164.939
2025.5,165.02
2025.43,165.112
2025.55,165.193
2025.36,165.275
2025.43,165.356
2025.63,165.438
2025.5,165.519
2025.5,165.601
2025.62,165.685
2025.61,165.766
2025.64,165.848
2025.34,165.928
2025.56,166.009
2025.56,166.091
2025.59,166.172
2025.79,166.254
2025.66,166.346
2025.79,166.427
2025.58,166.509
2025.67,166.59
2025.67,166.672
2025.35,166.753
2025.63,166.835
2025.71,166.916
2025.61,167
2025.74,167.081
2025.74,167.162
2025.58,167.244
2025.56,167.325
2025.6,167.407
2025.55,167.488
2025.71,167.57
2025.57,167.661
2025.57,167.743
2025.66,167.824
2025.71,167.906
2025.86,167.987
2025.5,168.069
2025.68,168.15
2025.62,168.231
2025.62,168.315
2025.64,168.396
2025.68,168.477
2025.71,168.559
2025.8,168.64
2025.61,168.722
2025.61,168.803
2025.52,168.892
2025.66,168.976
2025.82,169.058
2025.58,169.139
2025.76,169.22
2025.86,169.302
2025.86,169.382
2025.61,169.464
2025.79,169.545
2025.56,169.629
2025.88,169.711
2025.77,169.792
2025.77,169.874
2025.92,169.955
2025.83,170.037
2025.82,170.125
2025.71,170.207
2025.83,170.291
2025.6,170.372
2025.6,170.454
2025.6,170.534
2025.85,170.616
2025.71,170.697
2025.6,170.778
2025.78,170.862
2025.78,170.944
2025.52,171.025
2025.73,171.107
2025.78,171.188
2025.69,171.27
2025.95,171.358
2025.66,171.44
2025.66,171.524
2025.89,171.604
2025.8,171.686
2025.95,171.767
2025.91,171.849
2025.93,171.93
2025.86,172.012
2025.86,172.093
2025.68,172.177
2025.74,172.258
2025.56,172.34
2025.6,172.421
2025.66,172.503
2025.66,172.591
2025.68,172.673
2025.56,172.753
2025.6,172.837
2025.58,172.919
2025.51,173
2026.01,173.082
2026.01,173.163
2025.75,173.245
2025.7,173.326
2025.65,173.408
2025.66,173.492
2025.57,173.573
2025.57,173.655
2025.64,173.735
2025.68,173.825
2025.57,173.905
2025.52,173.987
2025.45,174.068
2025.68,174.152
2025.68,174.233
2025.73,174.315
2025.75,174.396
2025.4,174.478
2025.77,174.559
2025.73,174.641
2025.73,174.722
2025.8,174.806
2025.73,174.887
2025.77,174.968
2025.52,175.057
2025.65,175.139
2025.64,175.22
2025.64,175.302
2025.55,175.383
2025.41,175.467
2025.23,175.549
2025.27,175.63
2025.58,175.712
2025.48,175.793
2025.48,175.875
2025.49,175.955
2025.51,176.039
2025.6,176.121
2025.66,176.202
2025.57,176.291
2025.57,176.372
2025.66,176.454
2025.71,176.535
2025.77,176.617
2025.71,176.7
2025.63,176.782
2025.54,176.863
2025.54,176.945
2025.68,177.026
2025.59,177.107
2025.49,177.188
2025.56,177.27
2025.56,177.354
2025.56,177.435
2025.95,177.523
2025.57,177.604
2025.81,177.686
2025.7,177.767
2025.6,177.849
2025.63,177.93
2025.63,178.014
2025.58,178.096
2025.86,178.177
2025.72,178.258
2025.73,178.339
2025.8,178.42
2025.8,178.502
2025.94,178.583
2025.65,178.667
2025.74,178.756
2025.57,178.837
2025.51,178.919
2025.8,179
2025.8,179.082
2025.64,179.163
2025.71,179.245
2025.77,179.329
2025.71,179.409
2025.73,179.491
2025.68,179.572
2025.68,179.654
2025.56,179.735
2025.71,179.816
2025.54,179.898
2025.72,179.989
2025.65,180.071
2025.65,180.152
2025.82,180.233
2025.75,180.315
2025.5,180.396
2025.5,180.477
2025.87,180.558
2025.83,180.642
2025.83,180.724
2025.78,180.805
2025.61,180.887
2025.73,180.968
2025.73,181.05
2025.51,181.131
2025.78,181.222
2025.78,181.304
2025.81,181.385
2025.83,181.467
2025.68,181.548
2025.78,181.629
2025.64,181.71
2025.64,181.792
2025.89,181.875
2025.64,181.957
2025.54,182.038
2025.41,182.12
2025.66,182.201
2025.66,182.283
2025.63,182.364
2025.56,182.453
2025.94,182.537
2025.92,182.618
2025.83,182.7
2026.14,182.78
2026.14,182.861
2026.04,182.943
2026.08,183.024
2025.85,183.105
